"title","tags","views","likes","comment_count","category_id","categories","publish_date_official","trend_date_official","Title","tag1","tag2","tag3","tag4","tag5","tag6","tag7","tag8","tag9","tag10","tag11","tag12","tag13","tag14","tag15","tag16","tag17","tag18","tag19","tag20","tag21","tag22","tag23","tag24","tag25","tag26","tag27","tag28","tag29","tag30","tag31","tag32","tag33","tag34","tag35","tag36","tag37","tag38","tag39","tag40","tag41","tag42","tag43","tag44","tag45","tag46","tag47","tag48","tag49","tag50","tag51","tag52"
"Childish Gambino - This Is America (Official Video)","Childish Gambino|""Rap""|""This Is America""|""mcDJ Recording/RCA Records""",225211923,5023450,517232,10,"Music",2018-05-06,2018-06-02,"Childish Gambino - This Is America (Official Video)","Childish Gambino","Rap","This Is America","mcDJ Recording/RCA Records",NA,NA,NA,NA,NA,NA,NA,NA,NA,NA,NA,NA,NA,NA,NA,NA,NA,NA,NA,NA,NA,NA,NA,NA,NA,NA,NA,NA,NA,NA,NA,NA,NA,NA,NA,NA,NA,NA,NA,NA,NA,NA,NA,NA,NA,NA,NA,NA
"YouTube Rewind: The Shape of 2017 | #YouTubeRewind","Rewind|""Rewind 2017""|""youtube rewind 2017""|""#YouTubeRewind""|""Rewind 2016""|""Dan and Phil""|""Grace Helbig""|""HolaSoyGerman""|""Lilly Singh""|""Markiplier""|""Swoozie""|""Rhett Link""|""Liza Koshy""|""Dolan Twins""|""Lele Pons""|""Jake Paul""|""Logan Paul""|""KSI""|""Joey Graceffa""|""Casey Neistat""|""Poppy""|""Niana Guerrero""|""Daddy Yankee""|""Luis Fonsi""|""Ed Sheeran""|""Kendrick Lamar""|""Stephen Colbert""|""Fidget Spinners""|""Slime""|""Backpack Kid""|""April the Giraffe""|""#Rewind""|""Despacito""|""Shape of you""|""YouTubeRewind""|""I’m the One""|""Humble""",149376127,3093544,810698,24,"Entertainment",2017-12-06,2017-12-14,"YouTube Rewind: The Shape of 2017 | #YouTubeRewind","Rewind","Rewind 2017","youtube rewind 2017","#YouTubeRewind","Rewind 2016","Dan and Phil","Grace Helbig","HolaSoyGerman","Lilly Singh","Markiplier","Swoozie","Rhett Link","Liza Koshy","Dolan Twins","Lele Pons","Jake Paul","Logan Paul","KSI","Joey Graceffa","Casey Neistat","Poppy","Niana Guerrero","Daddy Yankee","Luis Fonsi","Ed Sheeran","Kendrick Lamar","Stephen Colbert","Fidget Spinners","Slime","Backpack Kid","April the Giraffe","#Rewind","Despacito","Shape of you","YouTubeRewind","I’m the One","Humble",NA,NA,NA,NA,NA,NA,NA,NA,NA,NA,NA,NA,NA,NA,NA
"Ariana Grande - No Tears Left To Cry","Ariana|""Grande""|""No""|""Tears""|""Left""|""To""|""Cry""|""Universal""|""Records""|""Pop""",148689896,3094021,242039,10,"Music",2018-04-20,2018-05-14,"Ariana Grande - No Tears Left To Cry","Ariana","Grande","No","Tears","Left","To","Cry","Universal","Records","Pop",NA,NA,NA,NA,NA,NA,NA,NA,NA,NA,NA,NA,NA,NA,NA,NA,NA,NA,NA,NA,NA,NA,NA,NA,NA,NA,NA,NA,NA,NA,NA,NA,NA,NA,NA,NA,NA,NA,NA,NA,NA,NA
"Becky G, Natti Natasha - Sin Pijama (Official Video)","Becky G|""Natti Natasha""|""Natti Natasha Music""|""Natti Natasha Official Video""|""Natti Natasha Video""|""Natti Natasha Video Oficial""|""Natti Natasha Nuevo Video""|""Natti Natasha New Video""|""Sin Pijama Official Video""|""Official Video""|""Sin Pijama Official Remix Video""|""Sin Pijama Single""|""Single""|""Natti Natasha New Single""|""Natti Natasha Single""|""Natti Natasha Song""|""Sin Pijama new song""|""Sin Pijama nueva canción""|""Natti Natasha nueva cancion""|""Natti""|""Natasha""|""en""",139334502,1425496,83941,10,"Music",2018-04-20,2018-05-15,"Becky G, Natti Natasha - Sin Pijama (Official Video)","Becky G","Natti Natasha","Natti Natasha Music","Natti Natasha Official Video","Natti Natasha Video","Natti Natasha Video Oficial","Natti Natasha Nuevo Video","Natti Natasha New Video","Sin Pijama Official Video","Official Video","Sin Pijama Official Remix Video","Sin Pijama Single","Single","Natti Natasha New Single","Natti Natasha Single","Natti Natasha Song","Sin Pijama new song","Sin Pijama nueva canción","Natti Natasha nueva cancion","Natti","Natasha","en",NA,NA,NA,NA,NA,NA,NA,NA,NA,NA,NA,NA,NA,NA,NA,NA,NA,NA,NA,NA,NA,NA,NA,NA,NA,NA,NA,NA,NA,NA
"BTS (방탄소년단) 'FAKE LOVE' Official MV","BIGHIT|""빅히트""|""방탄소년단""|""BTS""|""BANGTAN""|""방탄""|""FAKE LOVE""|""FAKE_LOVE""|""fake love""",123010920,5613827,1228655,10,"Music",2018-05-18,2018-06-01,"BTS (방탄소년단) 'FAKE LOVE' Official MV","BIGHIT","빅히트","방탄소년단","BTS","BANGTAN","방탄","FAKE LOVE","FAKE_LOVE","fake love",NA,NA,NA,NA,NA,NA,NA,NA,NA,NA,NA,NA,NA,NA,NA,NA,NA,NA,NA,NA,NA,NA,NA,NA,NA,NA,NA,NA,NA,NA,NA,NA,NA,NA,NA,NA,NA,NA,NA,NA,NA,NA,NA
"The Weeknd - Call Out My Name (Official Video)","The|""Weeknd""|""Call""|""Out""|""My""|""Name""",122544931,1427436,55320,10,"Music",2018-04-12,2018-05-14,"The Weeknd - Call Out My Name (Official Video)","The","Weeknd","Call","Out","My","Name",NA,NA,NA,NA,NA,NA,NA,NA,NA,NA,NA,NA,NA,NA,NA,NA,NA,NA,NA,NA,NA,NA,NA,NA,NA,NA,NA,NA,NA,NA,NA,NA,NA,NA,NA,NA,NA,NA,NA,NA,NA,NA,NA,NA,NA,NA
"Luis Fonsi, Demi Lovato - Échame La Culpa","Luis|""Fonsi""|""Demi""|""Lovato""|""Échame""|""La""|""Culpa""|""UMLE""|""Latino""|""Latin""|""Pop""",102012605,2376636,134224,10,"Music",2017-11-17,2017-11-26,"Luis Fonsi, Demi Lovato - Échame La Culpa","Luis","Fonsi","Demi","Lovato","Échame","La","Culpa","UMLE","Latino","Latin","Pop",NA,NA,NA,NA,NA,NA,NA,NA,NA,NA,NA,NA,NA,NA,NA,NA,NA,NA,NA,NA,NA,NA,NA,NA,NA,NA,NA,NA,NA,NA,NA,NA,NA,NA,NA,NA,NA,NA,NA,NA,NA
"Cardi B, Bad Bunny & J Balvin - I Like It [Official Music Video]","Cardi B|""I Like It""|""Invasion of Privacy""|""Bad Bunny""|""J Balvin""|""Bronx""|""New York""|""Rap""|""Hip Hop""|""Bodak Yellow""|""Bartier Cardi""|""8zSRkr1nQNw""|""Cardi""|""Bardi""",94254507,1816753,101077,10,"Music",2018-05-29,2018-06-14,"Cardi B, Bad Bunny & J Balvin - I Like It [Official Music Video]","Cardi B","I Like It","Invasion of Privacy","Bad Bunny","J Balvin","Bronx","New York","Rap","Hip Hop","Bodak Yellow","Bartier Cardi","8zSRkr1nQNw","Cardi","Bardi",NA,NA,NA,NA,NA,NA,NA,NA,NA,NA,NA,NA,NA,NA,NA,NA,NA,NA,NA,NA,NA,NA,NA,NA,NA,NA,NA,NA,NA,NA,NA,NA,NA,NA,NA,NA,NA,NA
"Marvel Studios' Avengers: Infinity War Official Trailer","marvel|""comics""|""comic books""|""nerdy""|""geeky""|""super hero""|""superhero""|""avengers: infinity war""|""avengers""|""infinity war""|""marvel studios""",91933007,2625661,350458,24,"Entertainment",2017-11-29,2017-12-08,"Marvel Studios' Avengers: Infinity War Official Trailer","marvel","comics","comic books","nerdy","geeky","super hero","superhero","avengers: infinity war","avengers","infinity war","marvel studios",NA,NA,NA,NA,NA,NA,NA,NA,NA,NA,NA,NA,NA,NA,NA,NA,NA,NA,NA,NA,NA,NA,NA,NA,NA,NA,NA,NA,NA,NA,NA,NA,NA,NA,NA,NA,NA,NA,NA,NA,NA
"Maluma - El Préstamo (Official Video)","Maluma Music|""Maluma Official Video""|""Maluma Video""|""Maluma Video Oficial""|""Maluma Nuevo Video""|""Maluma New Video""|""El Prestamo""|""El Prestamo Official Video""|""El Prestamo Official Remix Video""|""El Prestamo Single""|""Maluma New Single""|""Maluma Single""|""Maluma Song""|""El Prestamo new song""|""El Prestamo nueva canción""|""Maluma nueva cancion""|""Maluma sencillo""|""Maluma nuevo sencillo""|""Maluma El Prestamo""|""Maluma F.A.M.E""|""Maluma F.A.M.EF.A.M.E""|""El Prestamo BTS""|""El""|""the""",87264467,815369,35945,10,"Music",2018-03-09,2018-03-25,"Maluma - El Préstamo (Official Video)","Maluma Music","Maluma Official Video","Maluma Video","Maluma Video Oficial","Maluma Nuevo Video","Maluma New Video","El Prestamo","El Prestamo Official Video","El Prestamo Official Remix Video","El Prestamo Single","Maluma New Single","Maluma Single","Maluma Song","El Prestamo new song","El Prestamo nueva canción","Maluma nueva cancion","Maluma sencillo","Maluma nuevo sencillo","Maluma El Prestamo","Maluma F.A.M.E","Maluma F.A.M.EF.A.M.E","El Prestamo BTS","El","the",NA,NA,NA,NA,NA,NA,NA,NA,NA,NA,NA,NA,NA,NA,NA,NA,NA,NA,NA,NA,NA,NA,NA,NA,NA,NA,NA,NA
"BTS (방탄소년단) 'FAKE LOVE' Official MV","BIGHIT|""빅히트""|""방탄소년단""|""BTS""|""BANGTAN""|""방탄""|""FAKE LOVE""|""FAKE_LOVE""",73463137,4924045,1084421,10,"Music",2018-05-18,2018-05-22,"BTS (방탄소년단) 'FAKE LOVE' Official MV","BIGHIT","빅히트","방탄소년단","BTS","BANGTAN","방탄","FAKE LOVE","FAKE_LOVE",NA,NA,NA,NA,NA,NA,NA,NA,NA,NA,NA,NA,NA,NA,NA,NA,NA,NA,NA,NA,NA,NA,NA,NA,NA,NA,NA,NA,NA,NA,NA,NA,NA,NA,NA,NA,NA,NA,NA,NA,NA,NA,NA,NA
"Taylor Swift - Delicate","Taylor Swift|""Delicate""|""Big""|""Machine""|""Records""|""LLC""|""Pop""",71560694,1928392,162990,10,"Music",2018-03-12,2018-03-27,"Taylor Swift - Delicate","Taylor Swift","Delicate","Big","Machine","Records","LLC","Pop",NA,NA,NA,NA,NA,NA,NA,NA,NA,NA,NA,NA,NA,NA,NA,NA,NA,NA,NA,NA,NA,NA,NA,NA,NA,NA,NA,NA,NA,NA,NA,NA,NA,NA,NA,NA,NA,NA,NA,NA,NA,NA,NA,NA,NA
"Calvin Harris, Dua Lipa - One Kiss (Official Video)","calvin harris|""calvin harris one kiss""|""calvin harris dua lipa""|""calvin harris dua lipa one kiss""|""one kiss""|""calvin harris dua lipa one kiss graham norton""|""calvin harris radio 1""|""calvin harris dua lipa one kiss live""|""dua lipa one kiss live""|""calvin harris dua lipa one kiss lyrics""|""calvin harris one kiss lyrics""|""calvin harris one kiss live""|""calvin harris feels""|""calvin harris summer""|""calvin harris nuh ready""|""calvin harris slide""|""calvin""|""harris""|""you""",71017021,828626,26279,10,"Music",2018-05-02,2018-05-25,"Calvin Harris, Dua Lipa - One Kiss (Official Video)","calvin harris","calvin harris one kiss","calvin harris dua lipa","calvin harris dua lipa one kiss","one kiss","calvin harris dua lipa one kiss graham norton","calvin harris radio 1","calvin harris dua lipa one kiss live","dua lipa one kiss live","calvin harris dua lipa one kiss lyrics","calvin harris one kiss lyrics","calvin harris one kiss live","calvin harris feels","calvin harris summer","calvin harris nuh ready","calvin harris slide","calvin","harris","you",NA,NA,NA,NA,NA,NA,NA,NA,NA,NA,NA,NA,NA,NA,NA,NA,NA,NA,NA,NA,NA,NA,NA,NA,NA,NA,NA,NA,NA,NA,NA,NA,NA
"TWICE What is Love? M/V","TWICE What is Love|""TWICE What is Love?""|""TWICE 왓이즈러브""|""트와이스 왓이즈러브""|""트와이스 What is Love""|""What is Love?""|""What is Love""|""왓이즈러브""|""웟이즈러브""|""What's Love""|""왓츠러브""|""TWICE What's Love""|""트와이스 What's Love""|""트와이스 왓츠러브""|""TWICE""|""트와이스""|""What is Love M/V""|""What is Love MV""|""What is Love Music Video""|""What is Love 뮤비""|""What is Love 뮤직비디오""|""TWICE M/V""|""TWICE MV""|""TWICE Music Video""|""TWICE 뮤비""|""TWICE 뮤직비디오""|""트와이스 M/V""|""트와이스 MV""|""트와이스 Music Video""|""트와이스 뮤비""|""트와이스 뮤직비디오""|""박진영""|""JYP""|""트와이스 남장""|""트와이스 영화 패러디""",69295519,1324609,238744,10,"Music",2018-04-09,2018-04-27,"TWICE What is Love? M/V","TWICE What is Love","TWICE What is Love?","TWICE 왓이즈러브","트와이스 왓이즈러브","트와이스 What is Love","What is Love?","What is Love","왓이즈러브","웟이즈러브","What's Love","왓츠러브","TWICE What's Love","트와이스 What's Love","트와이스 왓츠러브","TWICE","트와이스","What is Love M/V","What is Love MV","What is Love Music Video","What is Love 뮤비","What is Love 뮤직비디오","TWICE M/V","TWICE MV","TWICE Music Video","TWICE 뮤비","TWICE 뮤직비디오","트와이스 M/V","트와이스 MV","트와이스 Music Video","트와이스 뮤비","트와이스 뮤직비디오","박진영","JYP","트와이스 남장","트와이스 영화 패러디",NA,NA,NA,NA,NA,NA,NA,NA,NA,NA,NA,NA,NA,NA,NA,NA,NA
"Maroon 5 - Girls Like You ft. Cardi B","Maroon|""Girls""|""Like""|""You""|""Interscope""|""Records*""|""Pop""",66529577,2488565,142410,10,"Music",2018-05-31,2018-06-09,"Maroon 5 - Girls Like You ft. Cardi B","Maroon","Girls","Like","You","Interscope","Records*","Pop",NA,NA,NA,NA,NA,NA,NA,NA,NA,NA,NA,NA,NA,NA,NA,NA,NA,NA,NA,NA,NA,NA,NA,NA,NA,NA,NA,NA,NA,NA,NA,NA,NA,NA,NA,NA,NA,NA,NA,NA,NA,NA,NA,NA,NA
"Drake - Nice For What","Drake|""Nice""|""For""|""What""|""Young""|""Money""|""Hip""|""Hop""",60635812,994986,55653,10,"Music",2018-04-07,2018-04-27,"Drake - Nice For What","Drake","Nice","For","What","Young","Money","Hip","Hop",NA,NA,NA,NA,NA,NA,NA,NA,NA,NA,NA,NA,NA,NA,NA,NA,NA,NA,NA,NA,NA,NA,NA,NA,NA,NA,NA,NA,NA,NA,NA,NA,NA,NA,NA,NA,NA,NA,NA,NA,NA,NA,NA,NA
"Maluma - Marinero (Official Video)","Maluma Marinero|""Maluma Marinero official video""|""Marinero video oficial""|""latin pop""|""Reggaeton""|""Marinero dance""|""Maluma Marinero karaoke""|""Maluma mix""|""Maluma exitos""|""Maluma Marinero lyrics""|""Marinero letra""|""Maluma best songs""|""music video""|""musica en espanol""|""latin music""|""Marinero remix""|""Reggaeton mix""|""Felices Los 4""|""El Prestamo""|""Chantaje""|""Cuatro Babys""|""Corazon""|""J.Balvin""|""Ozuna""|""Daddy Yankee""|""Nicky Jam""|""live""|""en vivo""|""Maluma Marinero english""|""Latin""",59877217,853193,48391,10,"Music",2018-05-04,2018-05-29,"Maluma - Marinero (Official Video)","Maluma Marinero","Maluma Marinero official video","Marinero video oficial","latin pop","Reggaeton","Marinero dance","Maluma Marinero karaoke","Maluma mix","Maluma exitos","Maluma Marinero lyrics","Marinero letra","Maluma best songs","music video","musica en espanol","latin music","Marinero remix","Reggaeton mix","Felices Los 4","El Prestamo","Chantaje","Cuatro Babys","Corazon","J.Balvin","Ozuna","Daddy Yankee","Nicky Jam","live","en vivo","Maluma Marinero english","Latin",NA,NA,NA,NA,NA,NA,NA,NA,NA,NA,NA,NA,NA,NA,NA,NA,NA,NA,NA,NA,NA,NA
"VENOM - Official Trailer (HD)","Venom|""Venom Movie""|""Venom (2018)""|""Marvel""|""Marvel Comics""|""Planet of the Symbiotes""|""Eddie Brock""|""Tom Hardy""|""Ruben Fleischer""|""Spider-man""|""Spider-man: Homecoming""|""Michelle Williams""|""Jenny Slate""|""Riz Ahmed""|""Spider-man Spinoff""|""We Are Venom""|""Peter Parker""|""Sony Pictures Entertainment""|""film""|""movie""|""official""|""official venom movie trailer""|""official trailer""|""sony pictures venom""",59254638,1295189,139879,24,"Entertainment",2018-04-24,2018-05-14,"VENOM - Official Trailer (HD)","Venom","Venom Movie","Venom (2018)","Marvel","Marvel Comics","Planet of the Symbiotes","Eddie Brock","Tom Hardy","Ruben Fleischer","Spider-man","Spider-man: Homecoming","Michelle Williams","Jenny Slate","Riz Ahmed","Spider-man Spinoff","We Are Venom","Peter Parker","Sony Pictures Entertainment","film","movie","official","official venom movie trailer","official trailer","sony pictures venom",NA,NA,NA,NA,NA,NA,NA,NA,NA,NA,NA,NA,NA,NA,NA,NA,NA,NA,NA,NA,NA,NA,NA,NA,NA,NA,NA,NA
"Bruno Mars - Finesse (Remix) [Feat. Cardi B] [Official Video]","Bruno Mars|""Finesse""|""Cardi B""|""Finesse Remix""|""Bruno""|""Mars""|""Cardi""|""official video""|""Pop""|""Hip hop""|""R&B""|""Atlantic Records""|""Atlantic""|""In Living Color""",57951412,1919583,133601,10,"Music",2018-01-04,2018-01-12,"Bruno Mars - Finesse (Remix) [Feat. Cardi B] [Official Video]","Bruno Mars","Finesse","Cardi B","Finesse Remix","Bruno","Mars","Cardi","official video","Pop","Hip hop","R&B","Atlantic Records","Atlantic","In Living Color",NA,NA,NA,NA,NA,NA,NA,NA,NA,NA,NA,NA,NA,NA,NA,NA,NA,NA,NA,NA,NA,NA,NA,NA,NA,NA,NA,NA,NA,NA,NA,NA,NA,NA,NA,NA,NA,NA
"To Our Daughter","Kylie Jenner|""Kylie""|""Travis Scott""|""Baby""|""Annoucement""",56111957,0,0,22,"People & Blogs",2018-02-04,2018-02-14,"To Our Daughter","Kylie Jenner","Kylie","Travis Scott","Baby","Annoucement",NA,NA,NA,NA,NA,NA,NA,NA,NA,NA,NA,NA,NA,NA,NA,NA,NA,NA,NA,NA,NA,NA,NA,NA,NA,NA,NA,NA,NA,NA,NA,NA,NA,NA,NA,NA,NA,NA,NA,NA,NA,NA,NA,NA,NA,NA,NA
"Ed Sheeran - Happier (Official Video)","edsheeran|""ed sheeran""|""acoustic""|""live""|""cover""|""official""|""remix""|""official video""|""lyrics""|""session""|""ed sheeran happier""|""edsheeran happier""",55054077,1378923,67092,10,"Music",2018-04-27,2018-05-15,"Ed Sheeran - Happier (Official Video)","edsheeran","ed sheeran","acoustic","live","cover","official","remix","official video","lyrics","session","ed sheeran happier","edsheeran happier",NA,NA,NA,NA,NA,NA,NA,NA,NA,NA,NA,NA,NA,NA,NA,NA,NA,NA,NA,NA,NA,NA,NA,NA,NA,NA,NA,NA,NA,NA,NA,NA,NA,NA,NA,NA,NA,NA,NA,NA
"Selena Gomez - Back To You (Lyric Video)","selena gomez|""13 reasons why""|""back to you""|""selena""|""gomez""|""13 reasons""|""netflix""",54863912,922355,41774,1,"Film & Animation",2018-05-10,2018-06-09,"Selena Gomez - Back To You (Lyric Video)","selena gomez","13 reasons why","back to you","selena","gomez","13 reasons","netflix",NA,NA,NA,NA,NA,NA,NA,NA,NA,NA,NA,NA,NA,NA,NA,NA,NA,NA,NA,NA,NA,NA,NA,NA,NA,NA,NA,NA,NA,NA,NA,NA,NA,NA,NA,NA,NA,NA,NA,NA,NA,NA,NA,NA,NA
"42 HOLY GRAIL HACKS THAT WILL SAVE YOU A FORTUNE","5-Minute Crafts|""DIY""|""Do it yourself""|""crafts""|""trucos""|""trucos de belliza""|""proyectos faciles""|""useful things""|""lifehacks""|""tricks""|""tips""|""DIY projects""|""DIY activities""|""Handcraft""|""Tutorial""|""easy life hacks""|""simple life hacks""|""old into new""|""save money""|""money-saving""|""cheap""|""reuse""|""recycle""|""repurpose""|""fix""|""way""|""ways""|""how to""|""fix a phone""|""phone hacks""|""scratches""|""broken screen""|""toothpaste""|""toothpaste hacks""|""eraze""|""plastic bottles""|""fork""|""kitchen""|""kitchen hacks""|""broken""|""cola""|""colgate""|""plastic bags""|""clean""|""cleaning""",54155921,378111,24679,26,"How To & Style",2017-12-03,2017-12-11,"42 HOLY GRAIL HACKS THAT WILL SAVE YOU A FORTUNE","5-Minute Crafts","DIY","Do it yourself","crafts","trucos","trucos de belliza","proyectos faciles","useful things","lifehacks","tricks","tips","DIY projects","DIY activities","Handcraft","Tutorial","easy life hacks","simple life hacks","old into new","save money","money-saving","cheap","reuse","recycle","repurpose","fix","way","ways","how to","fix a phone","phone hacks","scratches","broken screen","toothpaste","toothpaste hacks","eraze","plastic bottles","fork","kitchen","kitchen hacks","broken","cola","colgate","plastic bags","clean","cleaning",NA,NA,NA,NA,NA,NA,NA
"Marvel Studios' Avengers: Infinity War - Official Trailer","marvel|""comics""|""comic books""|""nerd""|""geek""|""superhero""|""super hero""|""infinity war""|""avengers""|""captain america""|""black panther""|""iron man""|""hulk""|""black window""|""wakanda""|""winter soldier""",52404970,1565579,194290,24,"Entertainment",2018-03-16,2018-03-29,"Marvel Studios' Avengers: Infinity War - Official Trailer","marvel","comics","comic books","nerd","geek","superhero","super hero","infinity war","avengers","captain america","black panther","iron man","hulk","black window","wakanda","winter soldier",NA,NA,NA,NA,NA,NA,NA,NA,NA,NA,NA,NA,NA,NA,NA,NA,NA,NA,NA,NA,NA,NA,NA,NA,NA,NA,NA,NA,NA,NA,NA,NA,NA,NA,NA,NA
"Ed Sheeran - Happier (Official Video)","edsheeran|""ed sheeran""|""acoustic""|""live""|""cover""|""official""|""remix""|""official video""|""lyrics""|""session""",49353979,1346647,66081,10,"Music",2018-04-27,2018-05-12,"Ed Sheeran - Happier (Official Video)","edsheeran","ed sheeran","acoustic","live","cover","official","remix","official video","lyrics","session",NA,NA,NA,NA,NA,NA,NA,NA,NA,NA,NA,NA,NA,NA,NA,NA,NA,NA,NA,NA,NA,NA,NA,NA,NA,NA,NA,NA,NA,NA,NA,NA,NA,NA,NA,NA,NA,NA,NA,NA,NA,NA
"Sanju | Official Teaser | Ranbir Kapoor | Rajkumar Hirani","Sanju Teaser|""Official Teaser""|""Sanju Official Teaser""|""sanjay dutt biopic""|""sanjay dutt biopic teaser""|""sanjay dutt biopic film""|""sanjay dutt new movie""|""rajkumar hirani movies""|""Ranbir Kapoor""|""Paresh Rawal""|""Manisha Koirala""|""Anushka Sharma""|""Sonam Kapoor""|""Dia Mirza""|""Vicky Kaushal""|""Jim Sarbh""|""Boman Irani""|""Vinod Chopra Films""|""Rajkumar Hirani Films""|""Fox Star Studios""|""ranbir kapoor sanjay dutt biopic""|""ranbir kapoor sanjay dutt biopic movie""|""ranbir kapoor sanjay dutt film""",48654951,811144,48941,24,"Entertainment",2018-04-24,2018-05-14,"Sanju | Official Teaser | Ranbir Kapoor | Rajkumar Hirani","Sanju Teaser","Official Teaser","Sanju Official Teaser","sanjay dutt biopic","sanjay dutt biopic teaser","sanjay dutt biopic film","sanjay dutt new movie","rajkumar hirani movies","Ranbir Kapoor","Paresh Rawal","Manisha Koirala","Anushka Sharma","Sonam Kapoor","Dia Mirza","Vicky Kaushal","Jim Sarbh","Boman Irani","Vinod Chopra Films","Rajkumar Hirani Films","Fox Star Studios","ranbir kapoor sanjay dutt biopic","ranbir kapoor sanjay dutt biopic movie","ranbir kapoor sanjay dutt film",NA,NA,NA,NA,NA,NA,NA,NA,NA,NA,NA,NA,NA,NA,NA,NA,NA,NA,NA,NA,NA,NA,NA,NA,NA,NA,NA,NA,NA
"G-Eazy - No Limit REMIX ft. A$AP Rocky, Cardi B, French Montana, Juicy J, Belly","BPG/RVG/RCA Records|""G-Eazy feat. A$AP Rocky""|""Cardi B""|""French Montana""|""Juicy J & Belly""|""No Limit REMIX""|""Rap""",45938392,728696,43541,10,"Music",2017-12-19,2018-01-02,"G-Eazy - No Limit REMIX ft. A$AP Rocky, Cardi B, French Montana, Juicy J, Belly","BPG/RVG/RCA Records","G-Eazy feat. A$AP Rocky","Cardi B","French Montana","Juicy J & Belly","No Limit REMIX","Rap",NA,NA,NA,NA,NA,NA,NA,NA,NA,NA,NA,NA,NA,NA,NA,NA,NA,NA,NA,NA,NA,NA,NA,NA,NA,NA,NA,NA,NA,NA,NA,NA,NA,NA,NA,NA,NA,NA,NA,NA,NA,NA,NA,NA,NA
"Taylor Swift - End Game ft. Ed Sheeran, Future","Taylor|""Swift""|""End""|""Game""|""Big""|""Machine""|""Pop""",45141770,1844959,148768,10,"Music",2018-01-12,2018-01-19,"Taylor Swift - End Game ft. Ed Sheeran, Future","Taylor","Swift","End","Game","Big","Machine","Pop",NA,NA,NA,NA,NA,NA,NA,NA,NA,NA,NA,NA,NA,NA,NA,NA,NA,NA,NA,NA,NA,NA,NA,NA,NA,NA,NA,NA,NA,NA,NA,NA,NA,NA,NA,NA,NA,NA,NA,NA,NA,NA,NA,NA,NA
"ZAYN - Let Me (Official Video)","Let Me|""Pop""|""RCA Records Label""|""ZAYN""",44782227,1320316,85709,10,"Music",2018-04-12,2018-04-30,"ZAYN - Let Me (Official Video)","Let Me","Pop","RCA Records Label","ZAYN",NA,NA,NA,NA,NA,NA,NA,NA,NA,NA,NA,NA,NA,NA,NA,NA,NA,NA,NA,NA,NA,NA,NA,NA,NA,NA,NA,NA,NA,NA,NA,NA,NA,NA,NA,NA,NA,NA,NA,NA,NA,NA,NA,NA,NA,NA,NA,NA
"Ed Sheeran - Perfect (Official Music Video)","edsheeran|""ed sheeran""|""acoustic""|""live""|""cover""|""official""|""remix""|""official video""|""lyrics""|""session""",43449654,1788960,93428,10,"Music",2017-11-09,2017-11-16,"Ed Sheeran - Perfect (Official Music Video)","edsheeran","ed sheeran","acoustic","live","cover","official","remix","official video","lyrics","session",NA,NA,NA,NA,NA,NA,NA,NA,NA,NA,NA,NA,NA,NA,NA,NA,NA,NA,NA,NA,NA,NA,NA,NA,NA,NA,NA,NA,NA,NA,NA,NA,NA,NA,NA,NA,NA,NA,NA,NA,NA,NA
"Do You Hear Yanny or Laurel? (SOLVED with SCIENCE)","AsapSCIENCE|""audio illusion""|""yanny""|""laurel""|""solved""|""what do you hear""|""explain yanny or laurel""|""science of yanny or laurel""|""the science of yanny vs. laurel""|""cloe feldman""|""jacksfilms""|""SOLVED: Yanny or Laurel""|""the science of audio illusions""|""frequency""|""pitch""|""audio tricks""|""yanny or laurel""|""casey neistat tech review""|""yaurel""|""which do you hear""|""the science of yanny""|""the science of laurel""|""the dress""|""what colour is this dress""|""Do you hear yanny or laurel""|""don't flinch""|""why i'm so scared""",42799458,564804,180913,28,"Science & Technology",2018-05-16,2018-06-01,"Do You Hear Yanny or Laurel? (SOLVED with SCIENCE)","AsapSCIENCE","audio illusion","yanny","laurel","solved","what do you hear","explain yanny or laurel","science of yanny or laurel","the science of yanny vs. laurel","cloe feldman","jacksfilms","SOLVED: Yanny or Laurel","the science of audio illusions","frequency","pitch","audio tricks","yanny or laurel","casey neistat tech review","yaurel","which do you hear","the science of yanny","the science of laurel","the dress","what colour is this dress","Do you hear yanny or laurel","don't flinch","why i'm so scared",NA,NA,NA,NA,NA,NA,NA,NA,NA,NA,NA,NA,NA,NA,NA,NA,NA,NA,NA,NA,NA,NA,NA,NA,NA
"Liam Payne & J Balvin - Familiar (Official Video)","Liam|""Payne""|""Familiar""|""Capitol""|""Pop""",42390420,554509,21650,10,"Music",2018-05-04,2018-05-29,"Liam Payne & J Balvin - Familiar (Official Video)","Liam","Payne","Familiar","Capitol","Pop",NA,NA,NA,NA,NA,NA,NA,NA,NA,NA,NA,NA,NA,NA,NA,NA,NA,NA,NA,NA,NA,NA,NA,NA,NA,NA,NA,NA,NA,NA,NA,NA,NA,NA,NA,NA,NA,NA,NA,NA,NA,NA,NA,NA,NA,NA,NA
"Daddy Yankee - Hielo (Video Oficial)","daddy yankee reggaeton|""daddy yankee youtube""|""music daddy yankee""|""daddy""|""gasolina daddy yankee""|""shaky shaky""|""music video daddy yankee""|""Daddy Yankee Dura""|""Daddy Yankee""|""Hielo""|""Daddy Yankee Hielo""|""Hielo Daddy Yankee""|""Daddy""|""Yankee""|""Reggaeton""|""Audio""|""Music Video""|""Official Audio""|""Daddy Yankee Oficial""|""Music Daddy""|""Dura""|""Daddy Yankee YouTube""|""Daddy Yankee Mp3""|""Daddy Yankee Reggaeton""|""music Daddy Yankee""|""Daddy y Yankee""|""trap latino""",41803845,628861,39363,10,"Music",2018-05-18,2018-06-14,"Daddy Yankee - Hielo (Video Oficial)","daddy yankee reggaeton","daddy yankee youtube","music daddy yankee","daddy","gasolina daddy yankee","shaky shaky","music video daddy yankee","Daddy Yankee Dura","Daddy Yankee","Hielo","Daddy Yankee Hielo","Hielo Daddy Yankee","Daddy","Yankee","Reggaeton","Audio","Music Video","Official Audio","Daddy Yankee Oficial","Music Daddy","Dura","Daddy Yankee YouTube","Daddy Yankee Mp3","Daddy Yankee Reggaeton","music Daddy Yankee","Daddy y Yankee","trap latino",NA,NA,NA,NA,NA,NA,NA,NA,NA,NA,NA,NA,NA,NA,NA,NA,NA,NA,NA,NA,NA,NA,NA,NA,NA
"The Weeknd - Call Out My Name (Official Audio)","The Weeknd|""Call Out My Name""|""Official Audio""|""My Dear Melancholy""|""XO""",41604561,670203,26743,10,"Music",2018-03-30,2018-04-20,"The Weeknd - Call Out My Name (Official Audio)","The Weeknd","Call Out My Name","Official Audio","My Dear Melancholy","XO",NA,NA,NA,NA,NA,NA,NA,NA,NA,NA,NA,NA,NA,NA,NA,NA,NA,NA,NA,NA,NA,NA,NA,NA,NA,NA,NA,NA,NA,NA,NA,NA,NA,NA,NA,NA,NA,NA,NA,NA,NA,NA,NA,NA,NA,NA,NA
"Jennifer Lopez - El Anillo (Official Video)","Jennifer Lopez El Anillo|""Jennifer Lopez El Anillo official video""|""El Anillo video oficial""|""Pop""|""El Anillo dance""|""Jennifer Lopez El Anillo karaoke""|""Jennifer Lopez mix""|""Jennifer Lopez exitos""|""Jennifer Lopez El Anillo lyrics""|""El Anillo letra""|""Jennifer Lopez best songs""|""music video""|""musica en espanol""|""latin music""|""El Anillo remix""|""Pop mix""|""JLO""|""Shakira""|""Ricky Martin""|""Pitbull""|""Beyonce""|""Selena""|""live""|""en vivo""|""Jennifer""|""Lopez""|""El""",41446137,502519,36974,10,"Music",2018-04-27,2018-05-14,"Jennifer Lopez - El Anillo (Official Video)","Jennifer Lopez El Anillo","Jennifer Lopez El Anillo official video","El Anillo video oficial","Pop","El Anillo dance","Jennifer Lopez El Anillo karaoke","Jennifer Lopez mix","Jennifer Lopez exitos","Jennifer Lopez El Anillo lyrics","El Anillo letra","Jennifer Lopez best songs","music video","musica en espanol","latin music","El Anillo remix","Pop mix","JLO","Shakira","Ricky Martin","Pitbull","Beyonce","Selena","live","en vivo","Jennifer","Lopez","El",NA,NA,NA,NA,NA,NA,NA,NA,NA,NA,NA,NA,NA,NA,NA,NA,NA,NA,NA,NA,NA,NA,NA,NA,NA
"TWICE Heart Shaker M/V","TWICE Heart Shaker|""TWICE 하트셰이커""|""트와이스 Heart Shaker""|""트와이스 하트셰이커""|""Heart Shaker""|""하트셰이커""|""TWICE""|""트와이스""|""Heart Shaker M/V""|""Heart Shaker MV""|""Heart Shaker Music Video""|""Heart Shaker 뮤직비디오""|""Heart Shaker 뮤비""|""하트셰이커 M/V""|""하트셰이커 MV""|""하트셰이커 뮤직비디오""|""하트셰이커 뮤비""|""하트셰이커 Music Video""|""TWICE M/V""|""TWICE MV""|""TWICE Music Video""|""TWICE 뮤직비디오""|""TWICE 뮤비""|""트와이스 M/V""|""트와이스 MV""|""트와이스 Music Video""|""트와이스 뮤직비디오""|""트와이스 뮤비""|""TWICE Merry Happy""|""트와이스 Merry Happy""|""트와이스 메리 해피""|""Merry Happy""|""Merry & Happy""|""메리해피""",41088994,956937,157207,10,"Music",2017-12-11,2017-12-18,"TWICE Heart Shaker M/V","TWICE Heart Shaker","TWICE 하트셰이커","트와이스 Heart Shaker","트와이스 하트셰이커","Heart Shaker","하트셰이커","TWICE","트와이스","Heart Shaker M/V","Heart Shaker MV","Heart Shaker Music Video","Heart Shaker 뮤직비디오","Heart Shaker 뮤비","하트셰이커 M/V","하트셰이커 MV","하트셰이커 뮤직비디오","하트셰이커 뮤비","하트셰이커 Music Video","TWICE M/V","TWICE MV","TWICE Music Video","TWICE 뮤직비디오","TWICE 뮤비","트와이스 M/V","트와이스 MV","트와이스 Music Video","트와이스 뮤직비디오","트와이스 뮤비","TWICE Merry Happy","트와이스 Merry Happy","트와이스 메리 해피","Merry Happy","Merry & Happy","메리해피",NA,NA,NA,NA,NA,NA,NA,NA,NA,NA,NA,NA,NA,NA,NA,NA,NA,NA
"Sanju | Official Trailer | Ranbir Kapoor | Rajkumar Hirani | Releasing on 29th June","Sanju|""Official Trailer""|""sanju official trailer""|""sanju official trailer 2018""|""biopic of sanjay dutt""|""biopic of sanjay dutt trailer""|""biopic of sanjay dutt movie trailer""|""Sanjay dutt biopic""|""Ranbir Kapoor""|""ranbir kapoor sanjay dutt biopic trailer""|""ranbir kapoor movies""|""ranbir kapoor new movies""|""Rajkumar Hirani""|""new bollywood movies 2018""|""new bollywood movies""|""latest bollywood movies""|""latest biopic movies""|""new biopic""|""new biopic movies""|""bollywood movies trailers 2018""",40714581,778513,76944,24,"Entertainment",2018-05-30,2018-06-14,"Sanju | Official Trailer | Ranbir Kapoor | Rajkumar Hirani | Releasing on 29th June","Sanju","Official Trailer","sanju official trailer","sanju official trailer 2018","biopic of sanjay dutt","biopic of sanjay dutt trailer","biopic of sanjay dutt movie trailer","Sanjay dutt biopic","Ranbir Kapoor","ranbir kapoor sanjay dutt biopic trailer","ranbir kapoor movies","ranbir kapoor new movies","Rajkumar Hirani","new bollywood movies 2018","new bollywood movies","latest bollywood movies","latest biopic movies","new biopic","new biopic movies","bollywood movies trailers 2018",NA,NA,NA,NA,NA,NA,NA,NA,NA,NA,NA,NA,NA,NA,NA,NA,NA,NA,NA,NA,NA,NA,NA,NA,NA,NA,NA,NA,NA,NA,NA,NA
"Diplo, French Montana & Lil Pump ft. Zhavia - Welcome To The Party (Official Video)","Welcome to the party|""Diplo""|""Lil Pump""|""French Montana""|""Zhavia""|""Welcome to the party audio""|""welcome to the party song""|""wttp""|""welcome to the party diplo""|""welcome to the party lil pump""|""welcome to the party french montana""|""welcome to the party zhavia""|""wttp diplo""|""deadpool 2 soundtrack""|""diplo deadpool""|""diplo welcome to the party""|""french montana welcome to the party""|""new diplo music""|""deadpool 2 welcome to the party""|""deadpool 2 motion picture soundtrack""|""welcome to the party video""",40087764,835657,38305,10,"Music",2018-05-21,2018-06-14,"Diplo, French Montana & Lil Pump ft. Zhavia - Welcome To The Party (Official Video)","Welcome to the party","Diplo","Lil Pump","French Montana","Zhavia","Welcome to the party audio","welcome to the party song","wttp","welcome to the party diplo","welcome to the party lil pump","welcome to the party french montana","welcome to the party zhavia","wttp diplo","deadpool 2 soundtrack","diplo deadpool","diplo welcome to the party","french montana welcome to the party","new diplo music","deadpool 2 welcome to the party","deadpool 2 motion picture soundtrack","welcome to the party video",NA,NA,NA,NA,NA,NA,NA,NA,NA,NA,NA,NA,NA,NA,NA,NA,NA,NA,NA,NA,NA,NA,NA,NA,NA,NA,NA,NA,NA,NA,NA
"BTS (방탄소년단) 'FAKE LOVE' Official MV","BIGHIT|""빅히트""|""방탄소년단""|""BTS""|""BANGTAN""|""방탄""",39349927,3880071,692305,10,"Music",2018-05-18,2018-05-19,"BTS (방탄소년단) 'FAKE LOVE' Official MV","BIGHIT","빅히트","방탄소년단","BTS","BANGTAN","방탄",NA,NA,NA,NA,NA,NA,NA,NA,NA,NA,NA,NA,NA,NA,NA,NA,NA,NA,NA,NA,NA,NA,NA,NA,NA,NA,NA,NA,NA,NA,NA,NA,NA,NA,NA,NA,NA,NA,NA,NA,NA,NA,NA,NA,NA,NA
"Jurassic World: Fallen Kingdom - Official Trailer [HD]","Jurassic World|""Fallen Kingdom""|""Jurassic Park""|""T-Rex""|""Dinosaur""|""J.A. Bayona""|""Steven Spielberg""|""Colin Trevorrow""|""Chris Pratt""|""Bryce Dallas Howard""|""BD Wong""|""James Cromwell""|""Ted Levine""|""Justice Smith""|""Geraldine Chaplin""|""Daniella Pineda""|""Toby Jones""|""Jeff Goldblum""|""Rafe Spall""|""Derek Connolly""|""Isla Nublar""|""Raptor""",38070298,550348,50935,24,"Entertainment",2017-12-08,2017-12-15,"Jurassic World: Fallen Kingdom - Official Trailer [HD]","Jurassic World","Fallen Kingdom","Jurassic Park","T-Rex","Dinosaur","J.A. Bayona","Steven Spielberg","Colin Trevorrow","Chris Pratt","Bryce Dallas Howard","BD Wong","James Cromwell","Ted Levine","Justice Smith","Geraldine Chaplin","Daniella Pineda","Toby Jones","Jeff Goldblum","Rafe Spall","Derek Connolly","Isla Nublar","Raptor",NA,NA,NA,NA,NA,NA,NA,NA,NA,NA,NA,NA,NA,NA,NA,NA,NA,NA,NA,NA,NA,NA,NA,NA,NA,NA,NA,NA,NA,NA
"So Sorry.","logan paul vlog|""logan paul""|""logan""|""paul""|""olympics""|""logan paul youtube""|""vlog""|""daily""|""comedy""|""hollywood""|""parrot""|""maverick""|""bird""|""maverick clothes""|""logan paul apology""|""suicide forest""|""japanese suicide forest""|""suicide""|""logan paul suicide""|""suicide apology""",37539570,1402578,1361580,24,"Entertainment",2018-01-02,2018-01-09,"So Sorry.","logan paul vlog","logan paul","logan","paul","olympics","logan paul youtube","vlog","daily","comedy","hollywood","parrot","maverick","bird","maverick clothes","logan paul apology","suicide forest","japanese suicide forest","suicide","logan paul suicide","suicide apology",NA,NA,NA,NA,NA,NA,NA,NA,NA,NA,NA,NA,NA,NA,NA,NA,NA,NA,NA,NA,NA,NA,NA,NA,NA,NA,NA,NA,NA,NA,NA,NA
"BTS (방탄소년단) 'MIC Drop (Steve Aoki Remix)' Official MV","BIGHIT|""빅히트""|""방탄소년단""|""BTS""|""BANGTAN""|""방탄""",36857298,2729292,546100,10,"Music",2017-11-24,2017-12-01,"BTS (방탄소년단) 'MIC Drop (Steve Aoki Remix)' Official MV","BIGHIT","빅히트","방탄소년단","BTS","BANGTAN","방탄",NA,NA,NA,NA,NA,NA,NA,NA,NA,NA,NA,NA,NA,NA,NA,NA,NA,NA,NA,NA,NA,NA,NA,NA,NA,NA,NA,NA,NA,NA,NA,NA,NA,NA,NA,NA,NA,NA,NA,NA,NA,NA,NA,NA,NA,NA
"Nicki Minaj - Chun-Li","Nicki|""Minaj""|""Chun-Li""|""Minaj/Cash""|""Money""|""Rap""",36759844,834068,93136,10,"Music",2018-05-04,2018-05-20,"Nicki Minaj - Chun-Li","Nicki","Minaj","Chun-Li","Minaj/Cash","Money","Rap",NA,NA,NA,NA,NA,NA,NA,NA,NA,NA,NA,NA,NA,NA,NA,NA,NA,NA,NA,NA,NA,NA,NA,NA,NA,NA,NA,NA,NA,NA,NA,NA,NA,NA,NA,NA,NA,NA,NA,NA,NA,NA,NA,NA,NA,NA
"Incredibles 2 Official Teaser Trailer","Pixar|""Disney""|""Disney Pixar""|""Pixar Movie""|""Animation""|""the incredibles""|""incredibles 2""|""jack jack""|""elastigirl""|""mr. incredible""|""dash""|""violet""|""edna mode""|""new look""|""trailer""|""teaser""|""first look""|""clip""|""sneak peek""|""new movie""|""family movie""|""HD""|""funny""|""hilarious""",36152111,444698,48348,1,"Film & Animation",2017-11-18,2017-11-28,"Incredibles 2 Official Teaser Trailer","Pixar","Disney","Disney Pixar","Pixar Movie","Animation","the incredibles","incredibles 2","jack jack","elastigirl","mr. incredible","dash","violet","edna mode","new look","trailer","teaser","first look","clip","sneak peek","new movie","family movie","HD","funny","hilarious",NA,NA,NA,NA,NA,NA,NA,NA,NA,NA,NA,NA,NA,NA,NA,NA,NA,NA,NA,NA,NA,NA,NA,NA,NA,NA,NA,NA
"Ed Sheeran - Perfect Duet (with Beyoncé) [Official Audio]","edsheeran|""ed sheeran""|""acoustic""|""live""|""cover""|""official""|""remix""|""official video""|""lyrics""|""session""|""beyonce""|""beyonce live""",36101955,998395,50709,10,"Music",2017-12-01,2017-12-08,"Ed Sheeran - Perfect Duet (with Beyoncé) [Official Audio]","edsheeran","ed sheeran","acoustic","live","cover","official","remix","official video","lyrics","session","beyonce","beyonce live",NA,NA,NA,NA,NA,NA,NA,NA,NA,NA,NA,NA,NA,NA,NA,NA,NA,NA,NA,NA,NA,NA,NA,NA,NA,NA,NA,NA,NA,NA,NA,NA,NA,NA,NA,NA,NA,NA,NA,NA
"Selena Gomez - Back To You","Selena|""Gomez""|""Back""|""To""|""You""|""PS""|""Pop""",35181079,1323550,71176,10,"Music",2018-06-05,2018-06-14,"Selena Gomez - Back To You","Selena","Gomez","Back","To","You","PS","Pop",NA,NA,NA,NA,NA,NA,NA,NA,NA,NA,NA,NA,NA,NA,NA,NA,NA,NA,NA,NA,NA,NA,NA,NA,NA,NA,NA,NA,NA,NA,NA,NA,NA,NA,NA,NA,NA,NA,NA,NA,NA,NA,NA,NA,NA
"Incredibles 2 - Olympics Sneak Peek","Pixar|""Disney""|""Disney Pixar""|""Pixar Movie""|""Animation""|""incredibles""|""the incredibles""|""incredibles 2""|""jack jack""|""mr. incredible""|""mrs. incredible""|""frozone""|""samuel l. jackson""|""violet parr""|""dash parr""|""sneak peek""|""trailer""|""new movie""|""family movie""|""summer movie""|""first look""|""teaser""",34269048,440650,48269,1,"Film & Animation",2018-02-15,2018-02-25,"Incredibles 2 - Olympics Sneak Peek","Pixar","Disney","Disney Pixar","Pixar Movie","Animation","incredibles","the incredibles","incredibles 2","jack jack","mr. incredible","mrs. incredible","frozone","samuel l. jackson","violet parr","dash parr","sneak peek","trailer","new movie","family movie","summer movie","first look","teaser",NA,NA,NA,NA,NA,NA,NA,NA,NA,NA,NA,NA,NA,NA,NA,NA,NA,NA,NA,NA,NA,NA,NA,NA,NA,NA,NA,NA,NA,NA
"we broke up","lizzza|""lizza""|""liza""|""koshy""|""david""|""dobrik""|""vlog""|""vlogger""|""how""|""to""|""realtionship""|""boyfriend""|""girlfriend""|""dating""|""date""|""first""|""time""|""funny""|""kiss""|""break""|""up""|""slpit""|""serious""|""youtuber""|""challenge""|""try""|""not""|""love""|""you""",33627806,2032463,320194,22,"People & Blogs",2018-06-05,2018-06-14,"we broke up","lizzza","lizza","liza","koshy","david","dobrik","vlog","vlogger","how","to","realtionship","boyfriend","girlfriend","dating","date","first","time","funny","kiss","break","up","slpit","serious","youtuber","challenge","try","not","love","you",NA,NA,NA,NA,NA,NA,NA,NA,NA,NA,NA,NA,NA,NA,NA,NA,NA,NA,NA,NA,NA,NA,NA
"Katy Perry - Hey Hey Hey (Official)","katy perry|""hey hey hey""|""official""|""music video""|""witness""|""can't break me""",33420138,821971,81388,10,"Music",2017-12-20,2018-01-02,"Katy Perry - Hey Hey Hey (Official)","katy perry","hey hey hey","official","music video","witness","can't break me",NA,NA,NA,NA,NA,NA,NA,NA,NA,NA,NA,NA,NA,NA,NA,NA,NA,NA,NA,NA,NA,NA,NA,NA,NA,NA,NA,NA,NA,NA,NA,NA,NA,NA,NA,NA,NA,NA,NA,NA,NA,NA,NA,NA,NA,NA
"Eminem - River ft. Ed Sheeran","Eminem|""River""|""Aftermath/Shady/Interscope""|""Rap""|""River video""|""River official video""|""River music video""|""River video Eminem Ed Sheeran""|""River official video Eminem Ed Sheeran""|""River music video Eminem Ed Sheeran""|""Eminem 2017""|""Eminem 2018""|""New Eminem""|""New Eminem 2017""|""New Eminem 2018""|""Eminem Ed Sheeran""|""Eminem Ed Sheeran Collab""|""Eminem River""|""Ed Sheeran River""|""Eminem Ed Sheeran River""|""River ft Ed Sheeran""|""Revival""|""Eminem Revival""|""Revival 2017""|""all""",32730338,1199986,67809,10,"Music",2018-02-14,2018-02-24,"Eminem - River ft. Ed Sheeran","Eminem","River","Aftermath/Shady/Interscope","Rap","River video","River official video","River music video","River video Eminem Ed Sheeran","River official video Eminem Ed Sheeran","River music video Eminem Ed Sheeran","Eminem 2017","Eminem 2018","New Eminem","New Eminem 2017","New Eminem 2018","Eminem Ed Sheeran","Eminem Ed Sheeran Collab","Eminem River","Ed Sheeran River","Eminem Ed Sheeran River","River ft Ed Sheeran","Revival","Eminem Revival","Revival 2017","all",NA,NA,NA,NA,NA,NA,NA,NA,NA,NA,NA,NA,NA,NA,NA,NA,NA,NA,NA,NA,NA,NA,NA,NA,NA,NA,NA
"Shawn Mendes - Youth (Lyric Video) ft. Khalid","Shawn|""Mendes""|""Youth""|""Island""|""Records""|""Pop""",32079687,867305,40794,10,"Music",2018-05-03,2018-05-23,"Shawn Mendes - Youth (Lyric Video) ft. Khalid","Shawn","Mendes","Youth","Island","Records","Pop",NA,NA,NA,NA,NA,NA,NA,NA,NA,NA,NA,NA,NA,NA,NA,NA,NA,NA,NA,NA,NA,NA,NA,NA,NA,NA,NA,NA,NA,NA,NA,NA,NA,NA,NA,NA,NA,NA,NA,NA,NA,NA,NA,NA,NA,NA
"Jennifer Lopez - Dinero ft. DJ Khaled, Cardi B","jennifer lopez|""jlo""|""jennifer lopez live""|""jlo live""|""jlo full concert""|""amor amor amor""|""ni tu ni yo""|""ain't your mama""|""on the floor""|""love don't cost a thing""|""jenny from the block""|""christina milan""|""britney spears""|""hilary duff""|""kelly rowland""|""Dinero""|""Epic/Nuyorican Productions""|""Jennifer Lopez feat. DJ Khaled & Cardi B""|""Pop""",30599645,455949,25679,10,"Music",2018-05-24,2018-06-14,"Jennifer Lopez - Dinero ft. DJ Khaled, Cardi B","jennifer lopez","jlo","jennifer lopez live","jlo live","jlo full concert","amor amor amor","ni tu ni yo","ain't your mama","on the floor","love don't cost a thing","jenny from the block","christina milan","britney spears","hilary duff","kelly rowland","Dinero","Epic/Nuyorican Productions","Jennifer Lopez feat. DJ Khaled & Cardi B","Pop",NA,NA,NA,NA,NA,NA,NA,NA,NA,NA,NA,NA,NA,NA,NA,NA,NA,NA,NA,NA,NA,NA,NA,NA,NA,NA,NA,NA,NA,NA,NA,NA,NA
"Calvin Harris, Dua Lipa - One Kiss (Lyric Video)","calvin harris|""calvin harris one kiss""|""calvin harris dua lipa one kiss""|""dua lipa one kiss""|""one kiss""|""one kiss lyrics""|""calvin harris one kiss lyrics""|""calvin harris dua lipa one kiss live""|""calvin harris dua lipa one kiss lyrics""|""dua lipa one kiss lyrics""|""dua lipa one kiss live""|""calvin harris feels""|""calvin harris summer""|""calvin harris nuh ready""|""calvin harris thinking about you""|""calvin harris my way""|""calvin harris feel so close""|""calvin""|""harris""",30061253,510475,12134,10,"Music",2018-04-06,2018-04-24,"Calvin Harris, Dua Lipa - One Kiss (Lyric Video)","calvin harris","calvin harris one kiss","calvin harris dua lipa one kiss","dua lipa one kiss","one kiss","one kiss lyrics","calvin harris one kiss lyrics","calvin harris dua lipa one kiss live","calvin harris dua lipa one kiss lyrics","dua lipa one kiss lyrics","dua lipa one kiss live","calvin harris feels","calvin harris summer","calvin harris nuh ready","calvin harris thinking about you","calvin harris my way","calvin harris feel so close","calvin","harris",NA,NA,NA,NA,NA,NA,NA,NA,NA,NA,NA,NA,NA,NA,NA,NA,NA,NA,NA,NA,NA,NA,NA,NA,NA,NA,NA,NA,NA,NA,NA,NA,NA
"BTS (방탄소년단) LOVE YOURSELF 轉 Tear 'Singularity' Comeback Trailer","BIGHIT|""빅히트""|""방탄소년단""|""BTS""|""BANGTAN""|""방탄""",29741771,2700800,371864,10,"Music",2018-05-06,2018-05-16,"BTS (방탄소년단) LOVE YOURSELF 轉 Tear 'Singularity' Comeback Trailer","BIGHIT","빅히트","방탄소년단","BTS","BANGTAN","방탄",NA,NA,NA,NA,NA,NA,NA,NA,NA,NA,NA,NA,NA,NA,NA,NA,NA,NA,NA,NA,NA,NA,NA,NA,NA,NA,NA,NA,NA,NA,NA,NA,NA,NA,NA,NA,NA,NA,NA,NA,NA,NA,NA,NA,NA,NA
"Poo Bear ft. Justin Bieber & Jay Electronica - Hard 2 Face Reality (Lyric Video)","poo bear ft justin bieber jay electronica hard 2 face reality lyric video|""poo""|""bear""|""ft""|""justin""|""bieber""|""jay""|""electronica""|""hard""|""face""|""reality""|""lyric""|""video""|""the greatest babysitters ever""|""what happens after a breakup""|""separated at birth""|""We're Your Babysitters! | Hannah Stocking & Kára McCullough""|""lelepons""|""hannahstocking""|""rudymancuso""|""inanna""|""anwar""|""sarkis""|""shots""|""shotsstudios""|""alesso""|""anitta""|""brazil""",29178096,825258,60709,23,"Comedy",2018-04-06,2018-04-24,"Poo Bear ft. Justin Bieber & Jay Electronica - Hard 2 Face Reality (Lyric Video)","poo bear ft justin bieber jay electronica hard 2 face reality lyric video","poo","bear","ft","justin","bieber","jay","electronica","hard","face","reality","lyric","video","the greatest babysitters ever","what happens after a breakup","separated at birth","We're Your Babysitters! "," Hannah Stocking & Kára McCullough","lelepons","hannahstocking","rudymancuso","inanna","anwar","sarkis","shots","shotsstudios","alesso","anitta","brazil",NA,NA,NA,NA,NA,NA,NA,NA,NA,NA,NA,NA,NA,NA,NA,NA,NA,NA,NA,NA,NA,NA,NA
"Real Life Trick Shots 2 | Dude Perfect","dude perfect|""dude perfect stereotypes""|""dude perfect water bottle flip""|""bottle flip""|""water bottle flip""|""dude perfect bottle flip""|""dude perfect basketball""|""dp""|""dude perfect world record""|""edition""|""nerf""|""trick shots""|""trick shot""|""family""|""ping pong""|""bowling""|""clean""|""family friendly""|""bubble wrap""|""soccer""|""football""|""spinner""|""spinners""|""fidget spinners""|""dude""|""real life""|""every day""|""game""|""banana""|""mail toss""|""dudes""|""dude real life""|""real life tricks""|""real tricks""|""crazy tricks""",29090799,1017919,51282,17,"Sports",2018-01-22,2018-01-30,"Real Life Trick Shots 2 | Dude Perfect","dude perfect","dude perfect stereotypes","dude perfect water bottle flip","bottle flip","water bottle flip","dude perfect bottle flip","dude perfect basketball","dp","dude perfect world record","edition","nerf","trick shots","trick shot","family","ping pong","bowling","clean","family friendly","bubble wrap","soccer","football","spinner","spinners","fidget spinners","dude","real life","every day","game","banana","mail toss","dudes","dude real life","real life tricks","real tricks","crazy tricks",NA,NA,NA,NA,NA,NA,NA,NA,NA,NA,NA,NA,NA,NA,NA,NA,NA
"Abraham Mateo, Yandel, Jennifer Lopez - Se Acabó el Amor","Abraham Mateo|""Yandel""|""Jennifer Lopez""|""Pop""|""Se Acabó el Amor""|""Sony Music Entertainment""",29075706,304469,10190,10,"Music",2018-04-20,2018-05-15,"Abraham Mateo, Yandel, Jennifer Lopez - Se Acabó el Amor","Abraham Mateo","Yandel","Jennifer Lopez","Pop","Se Acabó el Amor","Sony Music Entertainment",NA,NA,NA,NA,NA,NA,NA,NA,NA,NA,NA,NA,NA,NA,NA,NA,NA,NA,NA,NA,NA,NA,NA,NA,NA,NA,NA,NA,NA,NA,NA,NA,NA,NA,NA,NA,NA,NA,NA,NA,NA,NA,NA,NA,NA,NA
"Demi Lovato - Tell Me You Love Me","Demi Lovato|""Tell Me You Love Me""|""Jesse Williams""|""Demi""|""Lovato""|""Tell""|""Me""|""You""|""Love""|""Island""|""Records""|""Pop""",28860037,1251825,77905,10,"Music",2017-12-01,2017-12-09,"Demi Lovato - Tell Me You Love Me","Demi Lovato","Tell Me You Love Me","Jesse Williams","Demi","Lovato","Tell","Me","You","Love","Island","Records","Pop",NA,NA,NA,NA,NA,NA,NA,NA,NA,NA,NA,NA,NA,NA,NA,NA,NA,NA,NA,NA,NA,NA,NA,NA,NA,NA,NA,NA,NA,NA,NA,NA,NA,NA,NA,NA,NA,NA,NA,NA
"Camila Cabello - Never Be the Same","camila cabello|""camila""|""camila full album""|""havana""|""never be the same""|""all these years""|""she loves control""|""inside out""|""consequences""|""somethings gotta give""|""in the dark""|""into it""|""crying in the club""|""i have questions""|""fifth harmony""|""camilizers""|""harmonizers""|""Camila Cabello""|""Never Be the Same""|""Pop""|""Syco Music/Epic""",27784769,797015,51147,10,"Music",2018-03-08,2018-03-24,"Camila Cabello - Never Be the Same","camila cabello","camila","camila full album","havana","never be the same","all these years","she loves control","inside out","consequences","somethings gotta give","in the dark","into it","crying in the club","i have questions","fifth harmony","camilizers","harmonizers","Camila Cabello","Never Be the Same","Pop","Syco Music/Epic",NA,NA,NA,NA,NA,NA,NA,NA,NA,NA,NA,NA,NA,NA,NA,NA,NA,NA,NA,NA,NA,NA,NA,NA,NA,NA,NA,NA,NA,NA,NA
"Ed Sheeran - Perfect Symphony (with Andrea Bocelli)","edsheeran|""ed sheeran""|""acoustic""|""live""|""cover""|""official""|""remix""|""official video""|""lyrics""|""session""",27350528,1025895,40899,10,"Music",2017-12-15,2017-12-22,"Ed Sheeran - Perfect Symphony (with Andrea Bocelli)","edsheeran","ed sheeran","acoustic","live","cover","official","remix","official video","lyrics","session",NA,NA,NA,NA,NA,NA,NA,NA,NA,NA,NA,NA,NA,NA,NA,NA,NA,NA,NA,NA,NA,NA,NA,NA,NA,NA,NA,NA,NA,NA,NA,NA,NA,NA,NA,NA,NA,NA,NA,NA,NA,NA
"Dua Lipa - IDGAF (Official Music Video)","dua lipa|""idgaf""|""dl1""|""I don't give a fuck""|""dua idgaf""|""dua lipa official""|""dua new video""|""dua lipa video""|""dua leepa""|""warner bros records""|""warner Bros""|""so i cut you off""|""dua lipa i dont give a fuck""|""Pop""|""Dance""|""2018""|""Debut Album""|""I Don't Give A F""|""Dueling Duas""|""Dueling Lipas""|""Double Dua""|""Double Lipa""|""Dueling Dua Lipas""|""Double Dua Lipas""",27335197,1260110,55385,10,"Music",2018-01-12,2018-01-19,"Dua Lipa - IDGAF (Official Music Video)","dua lipa","idgaf","dl1","I don't give a fuck","dua idgaf","dua lipa official","dua new video","dua lipa video","dua leepa","warner bros records","warner Bros","so i cut you off","dua lipa i dont give a fuck","Pop","Dance","2018","Debut Album","I Don't Give A F","Dueling Duas","Dueling Lipas","Double Dua","Double Lipa","Dueling Dua Lipas","Double Dua Lipas",NA,NA,NA,NA,NA,NA,NA,NA,NA,NA,NA,NA,NA,NA,NA,NA,NA,NA,NA,NA,NA,NA,NA,NA,NA,NA,NA,NA
"Céline Dion - Ashes (from the Deadpool 2 Motion Picture Soundtrack)","Ashes|""Columbia""|""Céline Dion""|""Soundtracks""",27039153,564493,34246,10,"Music",2018-05-03,2018-05-29,"Céline Dion - Ashes (from the Deadpool 2 Motion Picture Soundtrack)","Ashes","Columbia","Céline Dion","Soundtracks",NA,NA,NA,NA,NA,NA,NA,NA,NA,NA,NA,NA,NA,NA,NA,NA,NA,NA,NA,NA,NA,NA,NA,NA,NA,NA,NA,NA,NA,NA,NA,NA,NA,NA,NA,NA,NA,NA,NA,NA,NA,NA,NA,NA,NA,NA,NA,NA
"Eminem - Walk On Water (Audio) ft. Beyoncé","Eminem|""Walk""|""On""|""Water""|""Aftermath/Shady/Interscope""|""Rap""",26448434,911883,127481,10,"Music",2017-11-10,2017-11-18,"Eminem - Walk On Water (Audio) ft. Beyoncé","Eminem","Walk","On","Water","Aftermath/Shady/Interscope","Rap",NA,NA,NA,NA,NA,NA,NA,NA,NA,NA,NA,NA,NA,NA,NA,NA,NA,NA,NA,NA,NA,NA,NA,NA,NA,NA,NA,NA,NA,NA,NA,NA,NA,NA,NA,NA,NA,NA,NA,NA,NA,NA,NA,NA,NA,NA
"GOT7 Look M/V","JYP Entertainment|""JYP""|""GOT7""|""갓세븐""|""GOT7 JB""|""GOT7 잭슨""|""GOT7 진영""|""GOT7 유겸""|""GOT7 영재""|""GOT7 마크""|""GOT7 뱀뱀""|""GOT7 Jackson""|""GOT7 Jinyoung""|""GOT7 Yugyeom""|""GOT7 Youngjae""|""GOT7 Mark""|""GOT7 BamBam""|""갓세븐 JB""|""갓세븐 잭슨""|""갓세븐 진영""|""갓세븐 유겸""|""갓세븐 영재""|""갓세븐 마크""|""갓세븐 뱀뱀""|""JB""|""잭슨""|""진영""|""유겸""|""영재""|""마크""|""뱀뱀""|""Jackson""|""Jinyoung""|""Yugyeom""|""Youngjae""|""Mark""|""BamBam""|""갓세븐 뮤비""|""GOT7 Look""|""갓세븐 룩""|""갓세븐 look""|""Look""|""룩""|""룩 뮤비""|""got7 mv""|""look mv""|""look music video""|""eyes on you""|""아이즈온유""|""got7 eyes on you""|""got7 music video""|""got7 look mv""",25757299,1036693,213764,10,"Music",2018-03-12,2018-03-27,"GOT7 Look M/V","JYP Entertainment","JYP","GOT7","갓세븐","GOT7 JB","GOT7 잭슨","GOT7 진영","GOT7 유겸","GOT7 영재","GOT7 마크","GOT7 뱀뱀","GOT7 Jackson","GOT7 Jinyoung","GOT7 Yugyeom","GOT7 Youngjae","GOT7 Mark","GOT7 BamBam","갓세븐 JB","갓세븐 잭슨","갓세븐 진영","갓세븐 유겸","갓세븐 영재","갓세븐 마크","갓세븐 뱀뱀","JB","잭슨","진영","유겸","영재","마크","뱀뱀","Jackson","Jinyoung","Yugyeom","Youngjae","Mark","BamBam","갓세븐 뮤비","GOT7 Look","갓세븐 룩","갓세븐 look","Look","룩","룩 뮤비","got7 mv","look mv","look music video","eyes on you","아이즈온유","got7 eyes on you","got7 music video","got7 look mv"
"Incredibles 2 Official Trailer","Pixar|""Disney""|""Disney Pixar""|""Pixar Movie""|""Animation""|""Incredibles""|""Incredibles 2""|""Edna Mode""|""Super Suit""|""Frozone""|""Honey""|""Wife""|""Mrs. Incredibles""|""Elastigirl""|""Dash""|""Violet""|""Supers""|""Bob Odenkirk""|""Sophia Bush""|""Brad Bird""|""Animated""|""Sneak Peek""|""Preview""|""Trailer""|""HD""|""1080""|""Sneak""|""Peek""",25274694,339824,29831,1,"Film & Animation",2018-04-13,2018-05-14,"Incredibles 2 Official Trailer","Pixar","Disney","Disney Pixar","Pixar Movie","Animation","Incredibles","Incredibles 2","Edna Mode","Super Suit","Frozone","Honey","Wife","Mrs. Incredibles","Elastigirl","Dash","Violet","Supers","Bob Odenkirk","Sophia Bush","Brad Bird","Animated","Sneak Peek","Preview","Trailer","HD","1080","Sneak","Peek",NA,NA,NA,NA,NA,NA,NA,NA,NA,NA,NA,NA,NA,NA,NA,NA,NA,NA,NA,NA,NA,NA,NA,NA
"Official Ram Trucks Super Bowl Commercial | Icelandic Vikings | We Will Rock You","Ram Trucks Commercial|""Ram Super Bowl Commercial""|""Ram Superbowl Ad""|""Ram Superbowl Commercials""|""Ram Icelandic Vikings""|""Ram Queen Song""|""Ram Vikings Super Bowl Commercial""|""Ram We Will Rock You""|""Ram Queen Super Bowl Commercial""|""Ram Viking Truck Commercial""|""Ram Viking Commercial""|""Ram We Will Rock You Commercial""|""Ram Trucks We Will Rock You Super Bowl""|""Ram Trucks We Will Rock You Vikings""|""Ram Trucks Viking Super Bowl Ad""|""Ram Trucks Viking Commercial""|""Ram Trucks Viking Super Bowl""",25244097,6971,875,2,"Autos & Vehicles",2018-02-05,2018-02-13,"Official Ram Trucks Super Bowl Commercial | Icelandic Vikings | We Will Rock You","Ram Trucks Commercial","Ram Super Bowl Commercial","Ram Superbowl Ad","Ram Superbowl Commercials","Ram Icelandic Vikings","Ram Queen Song","Ram Vikings Super Bowl Commercial","Ram We Will Rock You","Ram Queen Super Bowl Commercial","Ram Viking Truck Commercial","Ram Viking Commercial","Ram We Will Rock You Commercial","Ram Trucks We Will Rock You Super Bowl","Ram Trucks We Will Rock You Vikings","Ram Trucks Viking Super Bowl Ad","Ram Trucks Viking Commercial","Ram Trucks Viking Super Bowl",NA,NA,NA,NA,NA,NA,NA,NA,NA,NA,NA,NA,NA,NA,NA,NA,NA,NA,NA,NA,NA,NA,NA,NA,NA,NA,NA,NA,NA,NA,NA,NA,NA,NA,NA
"BOWLING BALL Vs. TRAMPOLINE from 45m!","how ridiculous|""giant anvil vs""|""anvil vs""|""giant anvil""|""basketball""|""rc cars""|""anvil""|""magnus effect""|""anvil vs fridge""|""bottle flip""|""dart trick shots""|""dropping an anvil""|""rc""|""anvil drop""|""drop test""|""how ridiculous anvil""|""darts trick shots""|""anvil vs ice""|""line x""|""darts""|""basket""|""basketball connect 4""|""anvil drop test""|""dart""|""ridiculous""|""epic""|""funny""|""45m tower""|""how ridiculous rc car""|""giant ice block""|""trampoline""|""bowling ball""|""bowling ball trampoline""|""how ridiculous trampoline""",25235767,493804,42732,17,"Sports",2018-03-16,2018-03-24,"BOWLING BALL Vs. TRAMPOLINE from 45m!","how ridiculous","giant anvil vs","anvil vs","giant anvil","basketball","rc cars","anvil","magnus effect","anvil vs fridge","bottle flip","dart trick shots","dropping an anvil","rc","anvil drop","drop test","how ridiculous anvil","darts trick shots","anvil vs ice","line x","darts","basket","basketball connect 4","anvil drop test","dart","ridiculous","epic","funny","45m tower","how ridiculous rc car","giant ice block","trampoline","bowling ball","bowling ball trampoline","how ridiculous trampoline",NA,NA,NA,NA,NA,NA,NA,NA,NA,NA,NA,NA,NA,NA,NA,NA,NA,NA
"Shakira - Trap (Official Video) ft. Maluma","Shakira ft. Maluma|""Shakira ft. Maluma Music""|""Shakira ft. Maluma Official Video""|""Shakira ft. Maluma Video""|""Shakira ft. Maluma Video Oficial""|""Trap Official Video""|""Official Video""|""Trap Single""|""Single""|""Shakira ft. Maluma New Single""|""Shakira ft. Maluma Single""|""Shakira ft. Maluma Song""|""Trap new song""|""Trap nueva canción""|""Shakira ft. Maluma nuevo sencillo""|""Shakira ft. Maluma Trap""|""Latin Pop""|""Shakira feat. Maluma""|""Sony Music Latin""|""Trap""",25142629,655664,82853,10,"Music",2018-01-26,2018-02-02,"Shakira - Trap (Official Video) ft. Maluma","Shakira ft. Maluma","Shakira ft. Maluma Music","Shakira ft. Maluma Official Video","Shakira ft. Maluma Video","Shakira ft. Maluma Video Oficial","Trap Official Video","Official Video","Trap Single","Single","Shakira ft. Maluma New Single","Shakira ft. Maluma Single","Shakira ft. Maluma Song","Trap new song","Trap nueva canción","Shakira ft. Maluma nuevo sencillo","Shakira ft. Maluma Trap","Latin Pop","Shakira feat. Maluma","Sony Music Latin","Trap",NA,NA,NA,NA,NA,NA,NA,NA,NA,NA,NA,NA,NA,NA,NA,NA,NA,NA,NA,NA,NA,NA,NA,NA,NA,NA,NA,NA,NA,NA,NA,NA
"Gorillaz - Humility (Official Video)","humility|""Gorillaz Humanz""|""the now now""|""george benson""|""Venice Beach""|""jamie hewlett""|""damon albarn""|""new album""|""Los Angeles""|""Jack Black""|""Free Murdoc""|""Hollywood""|""Demon Dayz""|""Gorillaz The Now Now""|""g is the magic number""|""lake zurich""|""Gorillaz Leak""|""gorillaz""|""jack black""",25016614,911150,78492,10,"Music",2018-05-31,2018-06-14,"Gorillaz - Humility (Official Video)","humility","Gorillaz Humanz","the now now","george benson","Venice Beach","jamie hewlett","damon albarn","new album","Los Angeles","Jack Black","Free Murdoc","Hollywood","Demon Dayz","Gorillaz The Now Now","g is the magic number","lake zurich","Gorillaz Leak","gorillaz","jack black",NA,NA,NA,NA,NA,NA,NA,NA,NA,NA,NA,NA,NA,NA,NA,NA,NA,NA,NA,NA,NA,NA,NA,NA,NA,NA,NA,NA,NA,NA,NA,NA,NA
"Suicide: Be Here Tomorrow.","logan paul vlog|""logan paul""|""logan""|""paul""|""logan paul youtube""|""logan paul suicide""|""suicide prevention awareness""|""suicide prevention""|""5 steps""|""suicide hotline""|""suicide lifeline""|""national""|""kevin hines""|""golden gate bridge""|""survival""|""be here tomorrow""",24286474,1988746,658130,29,"Nonprofits & Activism",2018-01-24,2018-02-01,"Suicide: Be Here Tomorrow.","logan paul vlog","logan paul","logan","paul","logan paul youtube","logan paul suicide","suicide prevention awareness","suicide prevention","5 steps","suicide hotline","suicide lifeline","national","kevin hines","golden gate bridge","survival","be here tomorrow",NA,NA,NA,NA,NA,NA,NA,NA,NA,NA,NA,NA,NA,NA,NA,NA,NA,NA,NA,NA,NA,NA,NA,NA,NA,NA,NA,NA,NA,NA,NA,NA,NA,NA,NA,NA
"Deadpool 2: The Final Trailer","Trailer|""Deadpool""|""20th Century Fox (Production Company)""|""Deadpool Movie""|""Ryan Reynolds (Celebrity)""|""Ed Skrein (Musical Artist)""|""T. J. Miller (TV Writer)""|""Gina Carano (Martial Artist)""|""Red band""|""Red band deadpool""|""Marvel""|""Marvel Comics""|""Comic Book (Comic Book Genre)""|""Dead pool""|""Deadpool green band""|""Deadpool red band""|""Action""|""Comedy""|""Action Comedy""|""X-Men (Award-Winning Work)""|""deadpool movie""|""deadpool sequel""|""deadpool 2""|""2nd deadpool movie""",24152049,429341,28740,1,"Film & Animation",2018-04-19,2018-05-14,"Deadpool 2: The Final Trailer","Trailer","Deadpool","20th Century Fox (Production Company)","Deadpool Movie","Ryan Reynolds (Celebrity)","Ed Skrein (Musical Artist)","T. J. Miller (TV Writer)","Gina Carano (Martial Artist)","Red band","Red band deadpool","Marvel","Marvel Comics","Comic Book (Comic Book Genre)","Dead pool","Deadpool green band","Deadpool red band","Action","Comedy","Action Comedy","X-Men (Award-Winning Work)","deadpool movie","deadpool sequel","deadpool 2","2nd deadpool movie",NA,NA,NA,NA,NA,NA,NA,NA,NA,NA,NA,NA,NA,NA,NA,NA,NA,NA,NA,NA,NA,NA,NA,NA,NA,NA,NA,NA
"Coachella 2018 LIVE Channel 1","[none]",24004779,0,3,10,"Music",2018-04-05,2018-04-16,"Coachella 2018 LIVE Channel 1","[none]",NA,NA,NA,NA,NA,NA,NA,NA,NA,NA,NA,NA,NA,NA,NA,NA,NA,NA,NA,NA,NA,NA,NA,NA,NA,NA,NA,NA,NA,NA,NA,NA,NA,NA,NA,NA,NA,NA,NA,NA,NA,NA,NA,NA,NA,NA,NA,NA,NA,NA,NA
"Turkish Airlines - 5 Senses with Dr. Oz","[none]",23932421,4666,465,19,"Travel & Events",2018-02-04,2018-02-11,"Turkish Airlines - 5 Senses with Dr. Oz","[none]",NA,NA,NA,NA,NA,NA,NA,NA,NA,NA,NA,NA,NA,NA,NA,NA,NA,NA,NA,NA,NA,NA,NA,NA,NA,NA,NA,NA,NA,NA,NA,NA,NA,NA,NA,NA,NA,NA,NA,NA,NA,NA,NA,NA,NA,NA,NA,NA,NA,NA,NA
"Migos, Nicki Minaj, Cardi B - MotorSport (Official)","Migos|""Cardi B""|""Cardi""|""Nicki Minaj""|""Nicki""|""Minaj""|""Culture 2""|""MotorSport""|""Motor Sport""|""Motor""|""Sport""",23575103,548457,55676,10,"Music",2017-12-08,2017-12-15,"Migos, Nicki Minaj, Cardi B - MotorSport (Official)","Migos","Cardi B","Cardi","Nicki Minaj","Nicki","Minaj","Culture 2","MotorSport","Motor Sport","Motor","Sport",NA,NA,NA,NA,NA,NA,NA,NA,NA,NA,NA,NA,NA,NA,NA,NA,NA,NA,NA,NA,NA,NA,NA,NA,NA,NA,NA,NA,NA,NA,NA,NA,NA,NA,NA,NA,NA,NA,NA,NA,NA
"Fifth Harmony - Don't Say You Love Me","fifth hamony|""harmonizers""|""lauren""|""ally""|""normani""|""camila""|""dinah-jane""|""fifth harmony full album""|""5h""|""work from home""|""down""|""he liked that""|""worth it""|""all in my head""|""halsey""|""gucci mane""|""ty dolla $ign""|""x factor""|""simon cowell""|""syco""|""Don't Say You Love Me""|""Fifth Harmony""|""Pop""|""Syco Music/Epic""",23502572,676467,52432,10,"Music",2018-05-18,2018-06-14,"Fifth Harmony - Don't Say You Love Me","fifth hamony","harmonizers","lauren","ally","normani","camila","dinah-jane","fifth harmony full album","5h","work from home","down","he liked that","worth it","all in my head","halsey","gucci mane","ty dolla $ign","x factor","simon cowell","syco","Don't Say You Love Me","Fifth Harmony","Pop","Syco Music/Epic",NA,NA,NA,NA,NA,NA,NA,NA,NA,NA,NA,NA,NA,NA,NA,NA,NA,NA,NA,NA,NA,NA,NA,NA,NA,NA,NA,NA
"j-hope 'Daydream (백일몽)' MV","BIGHIT|""빅히트""|""방탄소년단""|""BTS""|""BANGTAN""|""방탄""",23416810,2672431,477233,10,"Music",2018-03-01,2018-03-06,"j-hope 'Daydream (백일몽)' MV","BIGHIT","빅히트","방탄소년단","BTS","BANGTAN","방탄",NA,NA,NA,NA,NA,NA,NA,NA,NA,NA,NA,NA,NA,NA,NA,NA,NA,NA,NA,NA,NA,NA,NA,NA,NA,NA,NA,NA,NA,NA,NA,NA,NA,NA,NA,NA,NA,NA,NA,NA,NA,NA,NA,NA,NA,NA
"Nicki Minaj - Chun-Li (Vertical Video)","nicki|""minaj""|""nicki minaj 2018""|""nicki minaj""|""pink friday""|""young money""|""The Pink Print""|""Pink Print""|""chun li""|""chun li nicki minaj""|""chun-li""|""nicki minaj chun li""|""nicki minaj barbie tingz""|""nicki minaj chun li music video""|""vertical video""|""nicki minaj vertical video""|""chun li music video""",22918328,409234,36436,10,"Music",2018-04-14,2018-05-14,"Nicki Minaj - Chun-Li (Vertical Video)","nicki","minaj","nicki minaj 2018","nicki minaj","pink friday","young money","The Pink Print","Pink Print","chun li","chun li nicki minaj","chun-li","nicki minaj chun li","nicki minaj barbie tingz","nicki minaj chun li music video","vertical video","nicki minaj vertical video","chun li music video",NA,NA,NA,NA,NA,NA,NA,NA,NA,NA,NA,NA,NA,NA,NA,NA,NA,NA,NA,NA,NA,NA,NA,NA,NA,NA,NA,NA,NA,NA,NA,NA,NA,NA,NA
"Poo Bear ft. Justin Bieber & Jay Electronica - Hard 2 Face Reality (Lyric Video)","poo bear ft justin bieber jay electronica hard 2 face reality lyric video|""poo""|""bear""|""ft""|""justin""|""bieber""|""jay""|""electronica""|""hard""|""face""|""reality""|""lyric""|""video""|""what happens after a breakup""|""separated at birth""|""oceans 8""|""What Happens After a Breakup | Hannah Stocking""|""lelepons""|""hannahstocking""|""rudymancuso""|""inanna""|""anwar""|""sarkis""|""shots""|""shotsstudios""|""alesso""|""anitta""|""brazil""",22907590,730678,56988,23,"Comedy",2018-04-06,2018-04-20,"Poo Bear ft. Justin Bieber & Jay Electronica - Hard 2 Face Reality (Lyric Video)","poo bear ft justin bieber jay electronica hard 2 face reality lyric video","poo","bear","ft","justin","bieber","jay","electronica","hard","face","reality","lyric","video","what happens after a breakup","separated at birth","oceans 8","What Happens After a Breakup "," Hannah Stocking","lelepons","hannahstocking","rudymancuso","inanna","anwar","sarkis","shots","shotsstudios","alesso","anitta","brazil",NA,NA,NA,NA,NA,NA,NA,NA,NA,NA,NA,NA,NA,NA,NA,NA,NA,NA,NA,NA,NA,NA,NA
"SPIDER-MAN: INTO THE SPIDER-VERSE - Official Trailer (HD)","Shameik Moore|""Hailee Steinfeld""|""Mahershala Ali""|""Jake Johnson""|""Liev Schreiber""|""SONY PICTURES""|""SPIDER-MAN""|""SPIDER-MAN: INTO THE SPIDER-VERSE""|""Phil Lord""|""Chris Miller""|""Miles Morales""|""Peter Parker""|""Spider-man: Homecoming""|""Spider-man animated""|""Spiderman""|""Marvel Cinematic Universe""|""Marvel""|""Stan Lee""|""Ultimate Spider-man""|""Spiderverse""|""Spider-man sequel""|""Spider Gwen""|""Official Trailer""|""Spider-verse Trailer""|""Lily Tomlin""|""Brian Tyree Henry""",22713067,450315,45545,24,"Entertainment",2018-06-06,2018-06-14,"SPIDER-MAN: INTO THE SPIDER-VERSE - Official Trailer (HD)","Shameik Moore","Hailee Steinfeld","Mahershala Ali","Jake Johnson","Liev Schreiber","SONY PICTURES","SPIDER-MAN","SPIDER-MAN: INTO THE SPIDER-VERSE","Phil Lord","Chris Miller","Miles Morales","Peter Parker","Spider-man: Homecoming","Spider-man animated","Spiderman","Marvel Cinematic Universe","Marvel","Stan Lee","Ultimate Spider-man","Spiderverse","Spider-man sequel","Spider Gwen","Official Trailer","Spider-verse Trailer","Lily Tomlin","Brian Tyree Henry",NA,NA,NA,NA,NA,NA,NA,NA,NA,NA,NA,NA,NA,NA,NA,NA,NA,NA,NA,NA,NA,NA,NA,NA,NA,NA
"Ralph Breaks The Internet: Wreck-It Ralph 2 Official Teaser Trailer","Disney|""Walt Disney Animation Studios""|""Disney Animation""|""Walt Disney""|""Animation""|""wreck it ralph""|""ralph breaks the internet""|""new movie""|""trailer""|""ralph trailer""|""movie trailer""|""sneak peek""|""first look""|""family movie""|""thanksgiving""|""sarah silverman""",22546976,295631,53401,1,"Film & Animation",2018-02-28,2018-03-15,"Ralph Breaks The Internet: Wreck-It Ralph 2 Official Teaser Trailer","Disney","Walt Disney Animation Studios","Disney Animation","Walt Disney","Animation","wreck it ralph","ralph breaks the internet","new movie","trailer","ralph trailer","movie trailer","sneak peek","first look","family movie","thanksgiving","sarah silverman",NA,NA,NA,NA,NA,NA,NA,NA,NA,NA,NA,NA,NA,NA,NA,NA,NA,NA,NA,NA,NA,NA,NA,NA,NA,NA,NA,NA,NA,NA,NA,NA,NA,NA,NA,NA
"Boomerang Trick Shots | Dude Perfect","dude perfect|""dude perfect stereotypes""|""dude perfect water bottle flip""|""bottle flip""|""water bottle flip""|""dude perfect bottle flip""|""dude perfect basketball""|""dp""|""dude perfect world record""|""edition""|""nerf""|""trick shots""|""trick shot""|""family""|""ping pong""|""bowling""|""clean""|""family friendly""|""bubble wrap""|""soccer""|""football""|""spinner""|""spinners""|""fidget spinners""|""dude""|""boomerang""|""throw""|""thrower""|""logan""|""broadbent""",22233274,848043,37216,17,"Sports",2018-03-26,2018-04-07,"Boomerang Trick Shots | Dude Perfect","dude perfect","dude perfect stereotypes","dude perfect water bottle flip","bottle flip","water bottle flip","dude perfect bottle flip","dude perfect basketball","dp","dude perfect world record","edition","nerf","trick shots","trick shot","family","ping pong","bowling","clean","family friendly","bubble wrap","soccer","football","spinner","spinners","fidget spinners","dude","boomerang","throw","thrower","logan","broadbent",NA,NA,NA,NA,NA,NA,NA,NA,NA,NA,NA,NA,NA,NA,NA,NA,NA,NA,NA,NA,NA,NA
"LSD - Audio (Official Video) ft. Sia, Diplo, Labrinth","Audio lsd|""Diplo""|""Sia""|""Labrinth""|""LSD""|""LSD Band""|""LSD Music""|""LSD official""|""LSD Audio""|""Audio Video""|""Labrinth Sia Diplo present LSD""|""Labyrinth""|""LSD video""|""lsd music video""|""Labrinth Sia Diplo band""|""LSD YouTube""|""LSD Vevo""|""Audio Diplo""|""Audio Sia""|""Audio Labrinth""|""Sia Diplo Band""|""play that audio""|""without the rhythm""|""sia new music""|""diplo new music""|""lsd new song""|""LSD - Audio (Official Video)""|""wes pentz""|""sia furler""|""we can't live on without the rhythm""",21986883,472521,14297,10,"Music",2018-05-10,2018-06-08,"LSD - Audio (Official Video) ft. Sia, Diplo, Labrinth","Audio lsd","Diplo","Sia","Labrinth","LSD","LSD Band","LSD Music","LSD official","LSD Audio","Audio Video","Labrinth Sia Diplo present LSD","Labyrinth","LSD video","lsd music video","Labrinth Sia Diplo band","LSD YouTube","LSD Vevo","Audio Diplo","Audio Sia","Audio Labrinth","Sia Diplo Band","play that audio","without the rhythm","sia new music","diplo new music","lsd new song","LSD - Audio (Official Video)","wes pentz","sia furler","we can't live on without the rhythm",NA,NA,NA,NA,NA,NA,NA,NA,NA,NA,NA,NA,NA,NA,NA,NA,NA,NA,NA,NA,NA,NA
"Enrique Iglesias - MOVE TO MIAMI (Official Video) ft. Pitbull","Enrique Iglesias feat. Pitbull|""MOVE TO MIAMI""|""Pop""|""RCA Records/Sony Music International/Sony Music Latin""",21980138,247098,9554,10,"Music",2018-05-09,2018-06-05,"Enrique Iglesias - MOVE TO MIAMI (Official Video) ft. Pitbull","Enrique Iglesias feat. Pitbull","MOVE TO MIAMI","Pop","RCA Records/Sony Music International/Sony Music Latin",NA,NA,NA,NA,NA,NA,NA,NA,NA,NA,NA,NA,NA,NA,NA,NA,NA,NA,NA,NA,NA,NA,NA,NA,NA,NA,NA,NA,NA,NA,NA,NA,NA,NA,NA,NA,NA,NA,NA,NA,NA,NA,NA,NA,NA,NA,NA,NA
"周杰倫 Jay Chou【不愛我就拉倒 If You Don't Love Me, It's Fine】Official MV 發燒影片華語地區蟬聯第一 美國直衝前二","周杰倫|""Jay""|""Chou""|""周董""|""周杰伦""|""周傑倫""|""杰威尔""|""周周""|""袁詠琳""|""cindy""|""yen""|""官方""|""高清""|""不愛我就拉倒""|""繁體""|""浩克""|""彈頭""",21957640,140214,15418,10,"Music",2018-05-14,2018-06-11,"周杰倫 Jay Chou【不愛我就拉倒 If You Don't Love Me, It's Fine】Official MV 發燒影片華語地區蟬聯第一 美國直衝前二","周杰倫","Jay","Chou","周董","周杰伦","周傑倫","杰威尔","周周","袁詠琳","cindy","yen","官方","高清","不愛我就拉倒","繁體","浩克","彈頭",NA,NA,NA,NA,NA,NA,NA,NA,NA,NA,NA,NA,NA,NA,NA,NA,NA,NA,NA,NA,NA,NA,NA,NA,NA,NA,NA,NA,NA,NA,NA,NA,NA,NA,NA
"Rita Ora - Girls ft. Cardi B, Bebe Rexha & Charli XCX (Official Lyric Video)","Rita Ora|""Rita""|""Ora""|""Your Song""|""Anywhere""|""Official Video""|""Rita Ora Girls""|""Girls""",21888660,347563,29748,24,"Entertainment",2018-05-11,2018-06-09,"Rita Ora - Girls ft. Cardi B, Bebe Rexha & Charli XCX (Official Lyric Video)","Rita Ora","Rita","Ora","Your Song","Anywhere","Official Video","Rita Ora Girls","Girls",NA,NA,NA,NA,NA,NA,NA,NA,NA,NA,NA,NA,NA,NA,NA,NA,NA,NA,NA,NA,NA,NA,NA,NA,NA,NA,NA,NA,NA,NA,NA,NA,NA,NA,NA,NA,NA,NA,NA,NA,NA,NA,NA,NA
"周杰倫 Jay Chou【不愛我就拉倒 If You Don't Love Me, It's Fine】Official MV","周杰倫|""Jay""|""Chou""|""周董""|""周杰伦""|""周傑倫""|""杰威尔""|""周周""|""袁詠琳""|""cindy""|""yen""|""官方""|""高清""|""不愛我就拉倒""|""繁體""|""浩克""|""彈頭""",21846890,140065,15397,10,"Music",2018-05-14,2018-06-10,"周杰倫 Jay Chou【不愛我就拉倒 If You Don't Love Me, It's Fine】Official MV","周杰倫","Jay","Chou","周董","周杰伦","周傑倫","杰威尔","周周","袁詠琳","cindy","yen","官方","高清","不愛我就拉倒","繁體","浩克","彈頭",NA,NA,NA,NA,NA,NA,NA,NA,NA,NA,NA,NA,NA,NA,NA,NA,NA,NA,NA,NA,NA,NA,NA,NA,NA,NA,NA,NA,NA,NA,NA,NA,NA,NA,NA
"ZAYN - Entertainer (Official Video)","Entertainer|""Pop""|""RCA Records Label""|""ZAYN""",21688951,634770,38300,10,"Music",2018-05-23,2018-06-14,"ZAYN - Entertainer (Official Video)","Entertainer","Pop","RCA Records Label","ZAYN",NA,NA,NA,NA,NA,NA,NA,NA,NA,NA,NA,NA,NA,NA,NA,NA,NA,NA,NA,NA,NA,NA,NA,NA,NA,NA,NA,NA,NA,NA,NA,NA,NA,NA,NA,NA,NA,NA,NA,NA,NA,NA,NA,NA,NA,NA,NA,NA
"Red Velvet 레드벨벳 'Bad Boy' MV","Red Velvet|""레드벨벳""|""Bad Boy""|""The Perfect Red Velvet""|""IRENE""|""WENDY""|""SEULGI""|""JOY""|""YERI""|""아이린""|""웬디""|""슬기""|""조이""|""예리""|""배드보이""|""밷보이""|""kpop""|""k-pop""|""MV""|""music video""",21594339,1072246,128809,10,"Music",2018-01-29,2018-02-04,"Red Velvet 레드벨벳 'Bad Boy' MV","Red Velvet","레드벨벳","Bad Boy","The Perfect Red Velvet","IRENE","WENDY","SEULGI","JOY","YERI","아이린","웬디","슬기","조이","예리","배드보이","밷보이","kpop","k-pop","MV","music video",NA,NA,NA,NA,NA,NA,NA,NA,NA,NA,NA,NA,NA,NA,NA,NA,NA,NA,NA,NA,NA,NA,NA,NA,NA,NA,NA,NA,NA,NA,NA,NA
"P!nk - Beautiful Trauma (Official Video)","Beautiful Trauma|""P!nk""|""Pop""|""RCA Records Label""",21545253,504791,34879,10,"Music",2017-11-21,2017-11-30,"P!nk - Beautiful Trauma (Official Video)","Beautiful Trauma","P!nk","Pop","RCA Records Label",NA,NA,NA,NA,NA,NA,NA,NA,NA,NA,NA,NA,NA,NA,NA,NA,NA,NA,NA,NA,NA,NA,NA,NA,NA,NA,NA,NA,NA,NA,NA,NA,NA,NA,NA,NA,NA,NA,NA,NA,NA,NA,NA,NA,NA,NA,NA,NA
"Clean Bandit - Solo feat. Demi Lovato [Official Video]","clean bandit|""solo""|""demi lovato""|""I do it solo""|""Official Video""|""I Miss You""|""Julia Michaels""|""Symphony""|""Zara Larsson""|""Rockabye""|""Anne-Marie""|""Sean Paul""|""Tears""|""Louisa Johnson""|""Rather Be""|""Jess Glynne""|""Real Love""|""Extraordinary""|""Stronger""|""Come Over""|""New Eyes""",21250349,454441,13881,10,"Music",2018-05-31,2018-06-14,"Clean Bandit - Solo feat. Demi Lovato [Official Video]","clean bandit","solo","demi lovato","I do it solo","Official Video","I Miss You","Julia Michaels","Symphony","Zara Larsson","Rockabye","Anne-Marie","Sean Paul","Tears","Louisa Johnson","Rather Be","Jess Glynne","Real Love","Extraordinary","Stronger","Come Over","New Eyes",NA,NA,NA,NA,NA,NA,NA,NA,NA,NA,NA,NA,NA,NA,NA,NA,NA,NA,NA,NA,NA,NA,NA,NA,NA,NA,NA,NA,NA,NA,NA
"I Got 99 Problems But Being A Girl Ain't One! DIY Girls Hacks and More by Blossom","hacks|""diy hacks""|""girl hacks""|""how to""|""how-to""|""how to make""|""diy crafts""|""tricks""|""tips""|""quick""|""heels""|""broken heels""|""repair""|""simple""|""easy""|""learn""|""last minute""|""last minute hacks""|""simple life hacks""|""simple hacks""|""easy hacks""|""diy videos""|""diy""|""crafts for girls""|""compilation""|""do it yourself""|""trucos de belliza""|""craftsy""|""useful things""|""diy projects""|""craft videos""|""satisfying""|""handmade""|""experiment""|""learning videos""|""teaching""|""learning""|""educational videos""|""blossom""|""renew""|""blossom diy""",21211851,114989,5264,26,"How To & Style",2018-04-21,2018-05-14,"I Got 99 Problems But Being A Girl Ain't One! DIY Girls Hacks and More by Blossom","hacks","diy hacks","girl hacks","how to","how-to","how to make","diy crafts","tricks","tips","quick","heels","broken heels","repair","simple","easy","learn","last minute","last minute hacks","simple life hacks","simple hacks","easy hacks","diy videos","diy","crafts for girls","compilation","do it yourself","trucos de belliza","craftsy","useful things","diy projects","craft videos","satisfying","handmade","experiment","learning videos","teaching","learning","educational videos","blossom","renew","blossom diy",NA,NA,NA,NA,NA,NA,NA,NA,NA,NA,NA
"Jurassic World: Fallen Kingdom - Official Trailer #2 [HD]","Jurassic World|""Fallen Kingdom""|""Dinosaur""|""T-Rex""|""Chris Pratt""|""Bryce Dallas Howard""|""BD Wong""|""James Cromwell""|""Ted Levine""|""Justice Smith""|""Jeff Goldblum""|""Daniella Pineda""|""J.A. Bayona""|""Colin Trevorrow""|""Steven Spielberg""|""Isla Nublar""|""volcano""|""Jurassic Park""",21113889,254342,20099,24,"Entertainment",2018-02-04,2018-02-14,"Jurassic World: Fallen Kingdom - Official Trailer #2 [HD]","Jurassic World","Fallen Kingdom","Dinosaur","T-Rex","Chris Pratt","Bryce Dallas Howard","BD Wong","James Cromwell","Ted Levine","Justice Smith","Jeff Goldblum","Daniella Pineda","J.A. Bayona","Colin Trevorrow","Steven Spielberg","Isla Nublar","volcano","Jurassic Park",NA,NA,NA,NA,NA,NA,NA,NA,NA,NA,NA,NA,NA,NA,NA,NA,NA,NA,NA,NA,NA,NA,NA,NA,NA,NA,NA,NA,NA,NA,NA,NA,NA,NA
"Fergie Performs The U.S. National Anthem / 2018 NBA All-Star Game","mlg highlights|""mlg""|""basketball""|""highlights""|""sports""|""plays""|""nba""|""game""|""team""|""nba highlights""|""game highlights""|""team lebron""|""team stephen""|""lebron""|""stephen""|""all star game""|""nba all star game""|""team stephen vs team lebron""|""team lebron vs team stephen""|""team lebron vs team stephen full game highlights""|""team stephen vs team lebron highlights""|""Fergie""|""Fergie Performs The U S National Anthem""",21005589,59281,65181,17,"Sports",2018-02-19,2018-02-28,"Fergie Performs The U.S. National Anthem / 2018 NBA All-Star Game","mlg highlights","mlg","basketball","highlights","sports","plays","nba","game","team","nba highlights","game highlights","team lebron","team stephen","lebron","stephen","all star game","nba all star game","team stephen vs team lebron","team lebron vs team stephen","team lebron vs team stephen full game highlights","team stephen vs team lebron highlights","Fergie","Fergie Performs The U S National Anthem",NA,NA,NA,NA,NA,NA,NA,NA,NA,NA,NA,NA,NA,NA,NA,NA,NA,NA,NA,NA,NA,NA,NA,NA,NA,NA,NA,NA,NA
"Sam Smith - Pray (Official Video) ft. Logic","Sam|""Smith""|""Pray""|""Capitol""|""Pop""",20934803,359012,12451,10,"Music",2018-05-09,2018-06-08,"Sam Smith - Pray (Official Video) ft. Logic","Sam","Smith","Pray","Capitol","Pop",NA,NA,NA,NA,NA,NA,NA,NA,NA,NA,NA,NA,NA,NA,NA,NA,NA,NA,NA,NA,NA,NA,NA,NA,NA,NA,NA,NA,NA,NA,NA,NA,NA,NA,NA,NA,NA,NA,NA,NA,NA,NA,NA,NA,NA,NA,NA
"Selena Gomez, Marshmello - Wolves","Selena|""Gomez""|""Marshmello""|""Wolves""|""Interscope""|""Records""|""Pop""",20752341,804496,44075,10,"Music",2017-11-18,2017-11-27,"Selena Gomez, Marshmello - Wolves","Selena","Gomez","Marshmello","Wolves","Interscope","Records","Pop",NA,NA,NA,NA,NA,NA,NA,NA,NA,NA,NA,NA,NA,NA,NA,NA,NA,NA,NA,NA,NA,NA,NA,NA,NA,NA,NA,NA,NA,NA,NA,NA,NA,NA,NA,NA,NA,NA,NA,NA,NA,NA,NA,NA,NA
"Falcon Heavy Test Flight","[none]",20658640,384958,38514,28,"Science & Technology",2018-02-06,2018-02-16,"Falcon Heavy Test Flight","[none]",NA,NA,NA,NA,NA,NA,NA,NA,NA,NA,NA,NA,NA,NA,NA,NA,NA,NA,NA,NA,NA,NA,NA,NA,NA,NA,NA,NA,NA,NA,NA,NA,NA,NA,NA,NA,NA,NA,NA,NA,NA,NA,NA,NA,NA,NA,NA,NA,NA,NA,NA
"Live It Up (Official Video) - Nicky Jam feat. Will Smith & Era Istrefi (2018 FIFA World Cup Russia)","Nicky Jam|""NickyJamPR""|""latin""|""will smith""|""Era Istrefi""|""fifa world cup 2018""|""fifa world cup russia 2018""|""world cup 2018""|""russia 2018""|""fifa world cup""|""equis""|""diplo""|""era istrefi""|""ultra music""|""la industria inc""|""manuel turizo""|""valentino""|""alikilados""|""brytiago""|""jbalvin""|""maluma""|""bad bunny""|""ozuna""|""cancion del mundial 2018""|""cancion fifa 2018""|""shakira""|""waka waka""|""ricky martin""|""la copa de la vida""|""james rodriguez""|""cristiano ronaldo""|""messi""|""neymar""",20409647,568680,64390,10,"Music",2018-06-08,2018-06-14,"Live It Up (Official Video) - Nicky Jam feat. Will Smith & Era Istrefi (2018 FIFA World Cup Russia)","Nicky Jam","NickyJamPR","latin","will smith","Era Istrefi","fifa world cup 2018","fifa world cup russia 2018","world cup 2018","russia 2018","fifa world cup","equis","diplo","era istrefi","ultra music","la industria inc","manuel turizo","valentino","alikilados","brytiago","jbalvin","maluma","bad bunny","ozuna","cancion del mundial 2018","cancion fifa 2018","shakira","waka waka","ricky martin","la copa de la vida","james rodriguez","cristiano ronaldo","messi","neymar",NA,NA,NA,NA,NA,NA,NA,NA,NA,NA,NA,NA,NA,NA,NA,NA,NA,NA,NA
"Meghan Trainor - No Excuses","meghan trainor|""no excuses""|""no excuses official video""|""all about that bass""|""like i'm gonna lose you""|""me too""|""no""|""dear future husband""|""better when i'm dancin'""|""fifth harmony""|""rixton""|""ariana grande""|""tori kelly""|""nick jonas""|""shawn mendes""|""selena gomez""|""Epic""|""Meghan Trainor""|""No Excuses""|""Pop""",19998243,371137,23556,10,"Music",2018-03-01,2018-03-16,"Meghan Trainor - No Excuses","meghan trainor","no excuses","no excuses official video","all about that bass","like i'm gonna lose you","me too","no","dear future husband","better when i'm dancin'","fifth harmony","rixton","ariana grande","tori kelly","nick jonas","shawn mendes","selena gomez","Epic","Meghan Trainor","No Excuses","Pop",NA,NA,NA,NA,NA,NA,NA,NA,NA,NA,NA,NA,NA,NA,NA,NA,NA,NA,NA,NA,NA,NA,NA,NA,NA,NA,NA,NA,NA,NA,NA,NA
"Bumblebee (2018) - Official Teaser Trailer - Paramount Pictures","[none]",19864779,228670,46318,1,"Film & Animation",2018-06-05,2018-06-14,"Bumblebee (2018) - Official Teaser Trailer - Paramount Pictures","[none]",NA,NA,NA,NA,NA,NA,NA,NA,NA,NA,NA,NA,NA,NA,NA,NA,NA,NA,NA,NA,NA,NA,NA,NA,NA,NA,NA,NA,NA,NA,NA,NA,NA,NA,NA,NA,NA,NA,NA,NA,NA,NA,NA,NA,NA,NA,NA,NA,NA,NA,NA
"Marvel Studios' Ant-Man and The Wasp - Official Trailer","marvel|""comics""|""comic books""|""nerd""|""geek""|""superhero""|""super hero""|""marvel studios""|""ant-man""|""the wap""|""ant-man and the wasp""|""antman""|""ant man""",19834563,446196,32200,24,"Entertainment",2018-05-01,2018-05-25,"Marvel Studios' Ant-Man and The Wasp - Official Trailer","marvel","comics","comic books","nerd","geek","superhero","super hero","marvel studios","ant-man","the wap","ant-man and the wasp","antman","ant man",NA,NA,NA,NA,NA,NA,NA,NA,NA,NA,NA,NA,NA,NA,NA,NA,NA,NA,NA,NA,NA,NA,NA,NA,NA,NA,NA,NA,NA,NA,NA,NA,NA,NA,NA,NA,NA,NA,NA
